date,power_price,volume_mwh,gas_price,month,power_lag1,power_lag7,gas_lag1,power_lag2,power_lag30,power_ma7,power_std7,gas_lag7,dayofweek
2017-02-23,25.48,36800.0,2.63,2,25.33,30.08,2.52,26.95,31.66,28.409999999999997,2.6606202284429896,2.85,3
2017-02-24,28.68,34400.0,2.63,2,25.48,32.87,2.63,25.33,33.43,27.752857142857142,2.7461046003731364,2.95,4
2017-02-27,26.75,28800.0,2.44,2,28.68,28.93,2.63,25.48,31.2,27.154285714285713,1.7035732754307755,2.88,0
2017-02-28,25.62,66400.0,2.54,2,26.75,25.67,2.44,28.68,32.45,26.842857142857138,1.5135137295458694,2.75,1
2017-03-01,28.66,32800.0,2.54,3,25.62,29.04,2.54,26.75,32.67,26.835714285714285,1.5200751861104136,2.75,2
2017-03-02,33.74,37600.0,2.59,3,28.66,26.95,2.54,25.62,32.5,26.78142857142857,1.4324969874480216,2.56,3
2017-03-03,30.62,16800.0,2.5,3,33.74,25.33,2.59,28.66,35.26,27.75142857142857,3.003311664210193,2.52,4
2017-03-06,27.06,36800.0,2.68,3,30.62,25.48,2.5,33.74,30.31,28.507142857142856,2.9576720253476143,2.63,0
2017-03-07,26.14,45600.0,2.68,3,27.06,28.68,2.68,30.62,28.59,28.732857142857142,2.740466592180462,2.63,1
2017-03-08,27.61,36800.0,2.59,3,26.14,26.75,2.68,27.06,28.57,28.37,2.9114543902776013,2.44,2
2017-03-09,33.24,26400.0,2.83,3,27.61,25.62,2.59,26.14,31.53,28.49285714285714,2.849179497596433,2.54,3
2017-03-10,43.65,64800.0,2.98,3,33.24,28.66,2.83,27.61,38.26,29.58142857142857,3.0192185996348466,2.54,4
2017-03-13,49.84,78400.0,3.04,3,43.65,33.74,2.98,33.24,30.27,31.722857142857144,6.050753986861792,2.59,0
2017-03-14,56.55,42400.0,3.02,3,49.84,30.62,3.04,43.65,27.51,34.02285714285714,9.190590685198488,2.5,1
2017-03-15,45.65,16800.0,3.02,3,56.55,27.06,3.02,49.84,30.48,37.72714285714285,12.29256104897825,2.68,2
2017-03-16,33.76,41600.0,2.84,3,45.65,26.14,3.02,56.55,32.86,40.382857142857134,11.592068717138337,2.68,3
2017-03-17,31.92,15200.0,2.85,3,33.76,27.61,2.84,45.65,28.42,41.471428571428575,10.319598552546239,2.59,4
2017-03-20,31.28,36000.0,2.93,3,31.92,33.24,2.85,33.76,26.11,42.08714285714285,9.44635328982516,2.83,0
2017-03-21,38.23,35200.0,3.09,3,31.28,43.65,2.93,31.92,26.95,41.80714285714286,9.77560861581129,2.98,1
2017-03-22,36.94,32000.0,3.02,3,38.23,49.84,3.09,31.28,36.84,41.03285714285715,9.819863736810401,3.04,2
2017-03-23,30.1,24800.0,2.93,3,36.94,56.55,3.02,38.23,37.03,39.19,9.073690906498124,3.02,3
2017-03-24,29.53,7200.0,2.97,3,30.1,45.65,2.93,36.94,28.7,35.411428571428566,5.405344357119879,3.02,4
2017-03-27,31.43,15200.0,2.94,3,29.53,33.76,2.97,30.1,30.27,33.10857142857142,3.365196520122966,2.84,0
2017-03-28,31.2,62400.0,2.95,3,31.43,31.92,2.94,29.53,30.08,32.77571428571428,3.4050201034299357,2.85,1
2017-03-29,32.15,19200.0,3.03,3,31.2,31.28,2.95,31.43,32.87,32.67285714285714,3.4458076667438338,2.93,2
2017-03-30,34.54,31200.0,3.08,3,32.15,38.23,3.03,31.2,28.93,32.79714285714285,3.4026152406921626,3.09,3
2017-03-31,33.51,11200.0,3.13,3,34.54,36.94,3.08,32.15,25.67,32.269999999999996,2.6154413266853163,3.02,4
2017-04-03,34.72,34400.0,3.13,4,33.51,30.1,3.13,34.54,29.04,31.779999999999998,1.7837787605717217,2.93,0
2017-04-04,32.42,35200.0,3.06,4,34.72,29.53,3.13,33.51,26.95,32.44,1.9088914758746194,2.97,1
2017-04-05,34.94,26400.0,3.22,4,32.42,31.43,3.06,34.72,25.33,32.85285714285714,1.426086887087853,2.94,2
2017-04-06,37.18,36000.0,3.23,4,34.94,31.2,3.22,32.42,25.48,33.35428571428571,1.459107685572023,2.95,3
2017-04-07,36.22,23200.0,3.23,4,37.18,32.15,3.23,34.94,28.68,34.208571428571425,1.7156381569883512,3.03,4
2017-04-10,36.6,38400.0,3.15,4,36.22,34.54,3.23,37.18,26.75,34.79,1.5865160992985319,3.08,0
2017-04-11,33.04,20800.0,3.11,4,36.6,33.51,3.15,36.22,25.62,35.08428571428571,1.7180207327315162,3.13,1
2017-04-12,32.12,16000.0,2.97,4,33.04,34.72,3.11,36.6,28.66,35.01714285714285,1.7971617835327387,3.13,2
2017-04-13,28.32,16800.0,3.0,4,32.12,32.42,2.97,33.04,33.74,34.645714285714284,2.110220029150675,3.06,3
2017-04-17,32.59,31200.0,3.09,4,28.32,34.94,3.0,32.12,30.62,34.059999999999995,3.1458332229580726,3.22,0
2017-04-18,32.34,36000.0,3.11,4,32.59,37.18,3.09,28.32,27.06,33.724285714285706,3.161623302160144,3.23,1
2017-04-19,37.2,24000.0,3.11,4,32.34,36.22,3.11,32.59,26.14,33.03285714285714,2.786961991642019,3.23,2
2017-04-20,35.48,13600.0,3.13,4,37.2,36.6,3.11,32.34,27.61,33.17285714285715,2.990901281585634,3.15,3
2017-04-21,33.38,16800.0,3.06,4,35.48,33.04,3.13,37.2,33.24,33.01285714285714,2.800932667795482,3.11,4
2017-04-24,32.63,18400.0,3.06,4,33.38,32.12,3.06,35.48,43.65,33.06142857142857,2.8044276217642685,2.97,0
2017-04-25,32.4,12800.0,2.99,4,32.63,28.32,3.06,33.38,49.84,33.13428571428572,2.782432132402995,3.0,1
2017-04-26,36.61,21600.0,3.06,4,32.4,32.59,2.99,32.63,56.55,33.71714285714285,1.8901209333948008,3.09,2
2017-04-27,36.81,12800.0,3.13,4,36.61,32.34,3.06,32.4,45.65,34.29142857142857,2.0906492498059928,3.11,3
2017-04-28,36.29,20000.0,3.2,4,36.81,37.2,3.13,36.61,33.76,34.93,2.077883538603658,3.11,4
2017-05-01,30.28,22400.0,3.2,5,36.29,35.48,3.2,36.81,31.92,34.8,1.9358030202821248,3.13,0
2017-05-02,29.76,16800.0,3.13,5,30.28,33.38,3.2,36.29,31.28,34.05714285714286,2.5360449147292115,3.06,1
2017-05-03,30.47,21600.0,3.14,5,29.76,32.63,3.13,30.28,38.23,33.54,3.020044149787676,3.06,2
2017-05-04,29.4,32800.0,3.11,5,30.47,32.4,3.14,29.76,36.94,33.231428571428566,3.231467306407581,2.99,3
2017-05-05,32.54,16800.0,3.1,5,29.4,36.61,3.11,30.47,30.1,32.80285714285714,3.5439418462390067,3.06,4
2017-05-08,34.23,26400.0,3.06,5,32.54,36.81,3.1,29.4,29.53,32.221428571428575,3.124246194798744,3.13,0
2017-05-09,33.79,33600.0,3.03,5,34.23,36.29,3.06,32.54,31.43,31.852857142857143,2.601087684576839,3.2,1
2017-05-10,35.33,31200.0,3.03,5,33.79,30.28,3.03,34.23,31.2,31.495714285714286,1.9901997985366724,3.2,2
2017-05-11,33.8,40800.0,3.23,5,35.33,29.76,3.03,33.79,32.15,32.21714285714285,2.357468375791558,3.13,3
2017-05-12,33.39,39200.0,3.24,5,33.8,30.47,3.23,35.33,34.54,32.794285714285714,2.140178007727868,3.14,4
2017-05-15,36.95,68800.0,3.26,5,33.39,29.4,3.24,33.8,33.51,33.21142857142856,1.8804558717806679,3.11,0
2017-05-16,48.07,64000.0,3.27,5,36.95,32.54,3.26,33.39,34.72,34.29,1.444726040927271,3.1,1
2017-05-17,63.69,59200.0,3.27,5,48.07,34.23,3.27,36.95,32.42,36.50857142857142,5.242373599084759,3.06,2
2017-05-18,42.61,36800.0,3.13,5,63.69,33.79,3.27,48.07,34.94,40.71714285714285,11.361840687561305,3.03,3
2017-05-19,33.3,24800.0,3.11,5,42.61,35.33,3.13,63.69,37.18,41.97714285714285,10.947092025260567,3.03,4
2017-05-22,31.15,21600.0,3.24,5,33.3,33.8,3.11,42.61,36.22,41.68714285714286,11.177004241276975,3.23,0
2017-05-23,29.43,12800.0,3.22,5,31.15,33.39,3.24,33.3,36.6,41.308571428571426,11.528036011641966,3.24,1
2017-05-24,29.54,12800.0,3.22,5,29.43,36.95,3.22,31.15,33.04,40.74285714285714,12.066000047358566,3.26,2
2017-05-26,32.8,10400.0,3.1,5,29.54,48.07,3.22,29.43,32.12,39.68428571428571,12.759338876737633,3.27,4
2017-05-30,28.86,40000.0,3.1,5,32.8,63.69,3.1,29.54,28.32,37.50285714285714,12.386599902429118,3.27,1
2017-05-31,28.18,40000.0,3.05,5,28.86,42.61,3.1,32.8,32.59,32.527142857142856,4.764373740887386,3.13,2
2017-06-01,27.97,60800.0,3.05,6,28.18,33.3,3.05,28.86,32.34,30.465714285714284,1.9867381738489756,3.11,3
2017-06-02,30.5,26400.0,2.85,6,27.97,31.15,3.05,28.18,37.2,29.70428571428571,1.7233577413764454,3.24,4
2017-06-05,27.31,28000.0,2.92,6,30.5,29.43,2.85,27.97,35.48,29.61142857142857,1.648357046389275,3.22,0
2017-06-06,24.03,15200.0,2.92,6,27.31,29.54,2.92,30.5,33.38,29.30857142857143,1.8674441408106033,3.22,1
2017-06-07,24.75,5600.0,3.06,6,24.03,32.8,2.92,27.31,32.63,28.521428571428572,2.720192570214079,3.1,2
2017-06-08,27.46,22400.0,2.98,6,24.75,28.86,3.06,24.03,32.4,27.37142857142857,2.2751075327805035,3.1,3
2017-06-09,53.59,56800.0,3.03,6,27.46,28.18,2.98,24.75,36.61,27.17142857142857,2.1820741552586913,3.05,4
2017-06-12,45.43,44000.0,3.12,6,53.59,27.97,3.03,27.46,36.81,30.801428571428573,10.273380535103712,3.05,0
2017-06-13,36.56,19200.0,3.12,6,45.43,30.5,3.12,53.59,36.29,33.29571428571428,11.515800532518876,2.85,1
2017-06-14,28.91,10400.0,2.95,6,36.56,27.31,3.12,45.43,30.28,34.16142857142857,11.498371520308764,2.92,2
2017-06-15,30.3,48800.0,2.94,6,28.91,24.03,2.95,36.56,29.76,34.39,11.354477824482583,2.92,3
2017-06-16,31.37,28000.0,3.01,6,30.3,24.75,2.94,28.91,30.47,35.285714285714285,10.624871539839683,3.06,4
2017-06-19,31.92,12000.0,2.87,6,31.37,27.46,3.01,30.3,29.4,36.23142857142857,9.792839949969279,2.98,0
2017-06-20,29.23,32800.0,2.91,6,31.92,53.59,2.87,31.37,32.54,36.86857142857143,9.257493232640298,3.03,1
2017-06-21,35.51,48800.0,2.91,6,29.23,45.43,2.91,31.92,34.23,33.38857142857143,5.8903294434505975,3.12,2
2017-06-22,32.16,41600.0,2.88,6,35.51,36.56,2.91,29.23,33.79,31.971428571428568,2.9894895248265625,3.12,3
2017-06-23,26.93,9600.0,2.89,6,32.16,28.91,2.88,35.51,35.33,31.342857142857138,2.229990390754473,2.95,4
2017-06-26,24.63,20800.0,2.98,6,26.93,30.3,2.89,32.16,33.8,31.06,2.6718158619186605,2.94,0
2017-06-27,25.91,27200.0,2.99,6,24.63,31.37,2.98,26.93,33.39,30.25,3.6287325611017667,3.01,1
2017-06-28,31.19,21600.0,3.03,6,25.91,31.92,2.99,24.63,36.95,29.47,3.922766880659646,2.87,2
2017-06-29,35.05,31200.0,3.07,6,31.19,29.23,3.03,25.91,48.07,29.365714285714283,3.8559125903944085,2.91,3
2017-06-30,32.03,28000.0,2.98,6,35.05,35.51,3.07,31.19,63.69,30.197142857142858,4.409500025648108,2.91,4
2017-07-03,33.5,3200.0,2.98,7,32.03,32.16,2.98,35.05,42.61,29.699999999999996,3.874381671097149,2.88,0
2017-07-05,30.76,72000.0,2.98,7,33.5,26.93,2.98,32.03,33.3,29.891428571428566,4.045509562347841,2.89,2
2017-07-06,31.76,47200.0,2.89,7,30.76,24.63,2.98,33.5,31.15,30.43857142857143,3.8315724734171215,2.98,3
2017-07-07,33.22,37600.0,2.91,7,31.76,25.91,2.89,30.76,29.43,31.457142857142856,2.852774756184572,2.99,4
2017-07-10,37.29,52800.0,2.92,7,33.22,31.19,2.91,31.76,29.54,32.50142857142857,1.501836970418019,3.03,0
2017-07-11,43.21,52800.0,2.98,7,37.29,35.05,2.92,33.22,32.8,33.372857142857136,2.214646053629608,3.07,1
2017-07-12,42.18,58400.0,3.01,7,43.21,32.03,2.98,37.29,28.86,34.53857142857142,4.356456620432976,2.98,2
2017-07-13,32.5,40800.0,2.96,7,42.18,33.5,3.01,43.21,28.18,35.988571428571426,5.020844645314264,2.98,3
2017-07-14,31.69,18400.0,2.94,7,32.5,30.76,2.96,42.18,27.97,35.84571428571429,5.116762834523589,2.98,4
2017-07-17,36.1,32800.0,3.04,7,31.69,31.76,2.94,32.5,30.5,35.97857142857143,4.972750508425652,2.89,0
2017-07-18,43.77,30400.0,3.11,7,36.1,33.22,3.04,31.69,27.31,36.598571428571425,4.616944980436835,2.91,1
2017-07-19,53.05,34400.0,3.11,7,43.77,37.29,3.11,36.1,24.03,38.105714285714285,5.033411226139626,2.92,2
2017-07-20,45.21,26400.0,3.12,7,53.05,43.21,3.11,43.77,24.75,40.357142857142854,7.518811329560243,2.98,3
2017-07-21,34.6,20800.0,3.06,7,45.21,42.18,3.12,53.05,27.46,40.642857142857146,7.68152700593162,3.01,4
2017-07-24,28.97,20000.0,2.99,7,34.6,32.5,3.06,45.21,53.59,39.559999999999995,7.958019016480571,2.96,0
2017-07-25,30.41,28800.0,2.99,7,28.97,31.69,2.99,34.6,45.43,39.05571428571428,8.56839902810097,2.94,1
2017-07-26,30.94,7200.0,2.92,7,30.41,36.1,2.99,28.97,36.56,38.872857142857136,8.7632313566129,3.04,2
2017-07-27,30.0,45600.0,2.95,7,30.94,43.77,2.92,30.41,28.91,38.135714285714286,9.239436954603622,3.11,3
2017-07-28,31.51,43200.0,2.96,7,30.0,53.05,2.95,30.94,30.3,36.168571428571425,9.30555645581611,3.11,4
2017-07-31,35.21,12000.0,2.87,7,31.51,45.21,2.96,30.0,31.37,33.09142857142857,5.627288952273656,3.12,0
2017-08-01,36.44,37600.0,2.8,8,35.21,34.6,2.87,31.51,31.92,31.662857142857142,2.3572986961472355,3.06,1
2017-08-02,34.76,16000.0,2.8,8,36.44,28.97,2.8,35.21,29.23,31.925714285714285,2.8003503182213096,2.99,2
2017-08-03,30.52,33600.0,2.76,8,34.76,30.41,2.8,36.44,35.51,32.75285714285714,2.6318416510479303,2.99,3
2017-08-04,28.86,8000.0,2.76,8,30.52,30.94,2.76,34.76,32.16,32.76857142857143,2.6158008880101145,2.92,4
2017-08-07,27.5,800.0,2.8,8,28.86,30.0,2.76,30.52,26.93,32.47142857142857,2.9543664214821406,2.95,0
2017-08-08,28.61,5600.0,2.81,8,27.5,31.51,2.8,28.86,24.63,32.11428571428571,3.417698334370978,2.96,1
2017-08-09,30.98,30400.0,2.81,8,28.61,35.21,2.81,27.5,25.91,31.699999999999996,3.6696366759304127,2.87,2
2017-08-10,29.56,16800.0,2.89,8,30.98,36.44,2.81,28.61,31.19,31.095714285714283,3.327651109230384,2.8,3
2017-08-11,29.2,4000.0,2.96,8,29.56,34.76,2.89,30.98,35.05,30.112857142857138,2.3620098382925563,2.8,4
2017-08-14,32.92,38400.0,3.02,8,29.2,30.52,2.96,29.56,32.03,29.318571428571424,1.175846199855524,2.76,0
2017-08-15,37.74,29600.0,2.96,8,32.92,28.86,3.02,29.2,33.5,29.66142857142857,1.7794983241674223,2.76,1
2017-08-16,36.6,20000.0,2.94,8,37.74,27.5,2.96,32.92,30.76,30.93,3.4726502847249567,2.8,2
2017-08-17,34.91,38400.0,2.91,8,36.6,28.61,2.94,37.74,31.76,32.23,3.67218826677867,2.81,3
2017-08-18,39.18,14400.0,2.9,8,34.91,30.98,2.91,36.6,33.22,33.13,3.3989655289024174,2.81,4
2017-08-21,42.8,17600.0,3.0,8,39.18,29.56,2.9,34.91,37.29,34.301428571428566,3.909221698204704,2.89,0
2017-08-22,31.21,30400.0,3.0,8,42.8,29.2,3.0,39.18,43.21,36.192857142857136,4.404432291399644,2.96,1
2017-08-23,26.51,18400.0,2.94,8,31.21,32.92,3.0,42.8,42.18,36.48,3.9103665642324072,3.02,2
2017-08-24,25.92,8000.0,2.97,8,26.51,37.74,2.94,31.21,32.5,35.56428571428571,5.363508979337005,2.96,3
2017-08-25,27.23,7200.0,2.93,8,25.92,36.6,2.97,26.51,31.69,33.87571428571429,6.3367048669974135,2.94,4
2017-08-28,26.86,8000.0,2.95,8,27.23,34.91,2.93,25.92,36.1,32.537142857142854,6.647359662015487,2.91,0
2017-08-29,27.41,16000.0,2.95,8,26.86,39.18,2.95,27.23,43.77,31.387142857142855,6.86132085020982,2.9,1
2017-08-30,29.35,13600.0,2.95,8,27.41,42.8,2.95,26.86,53.05,29.705714285714286,6.024463619672888,3.0,2
2017-08-31,24.15,18400.0,2.92,8,29.35,31.21,2.95,27.41,45.21,27.784285714285712,1.8523845635906437,3.0,3
2017-09-01,32.33,20800.0,2.88,9,24.15,26.51,2.92,29.35,34.6,26.775714285714283,1.5779718749380816,2.94,4
2017-09-05,25.16,11200.0,2.88,9,32.33,25.92,2.88,24.15,28.97,27.607142857142858,2.610253591037496,2.97,1
2017-09-06,23.95,16000.0,2.98,9,25.16,27.23,2.88,32.33,30.41,27.49857142857143,2.7061684387798106,2.93,2
2017-09-07,22.7,40800.0,2.92,9,23.95,26.86,2.98,25.16,30.94,27.029999999999998,3.0255412738880874,2.95,3
2017-09-08,26.08,20000.0,2.88,9,22.7,27.41,2.92,23.95,30.0,26.435714285714283,3.444105385257872,2.95,4
2017-09-11,30.15,30400.0,2.88,9,26.08,29.35,2.88,22.7,31.51,26.245714285714286,3.417986040262445,2.95,0
2017-09-12,32.29,37600.0,2.88,9,30.15,24.15,2.88,26.08,35.21,26.359999999999996,3.549910797001389,2.92,1
2017-09-13,34.07,23200.0,3.02,9,32.29,32.33,2.88,30.15,36.44,27.52285714285714,4.008872303136816,2.88,2
2017-09-14,35.12,18400.0,3.03,9,34.07,25.16,3.02,32.29,34.76,27.77142857142857,4.3922334051954275,2.88,3
2017-09-15,35.84,36800.0,3.0,9,35.12,23.95,3.03,34.07,30.52,29.194285714285712,4.979300008176738,2.98,4
2017-09-18,36.22,48000.0,3.11,9,35.84,22.7,3.0,35.12,28.86,30.89285714285714,4.919816101867093,2.92,0
2017-09-19,44.4,31200.0,3.18,9,36.22,26.08,3.11,35.84,27.5,32.824285714285715,3.6599219351550047,2.88,1
2017-09-20,51.44,31200.0,3.13,9,44.4,30.15,3.18,36.22,28.61,35.441428571428574,4.48954128529642,2.88,2
2017-09-21,53.24,61600.0,3.11,9,51.44,32.29,3.13,44.4,30.98,38.48285714285714,6.881605225250169,2.88,3
2017-09-22,68.98,35200.0,2.93,9,53.24,34.07,3.11,51.44,29.56,41.47571428571428,8.173742221575242,3.02,4
2017-09-25,49.01,31200.0,2.96,9,68.98,35.12,2.93,53.24,29.2,46.462857142857146,12.43918769358314,3.03,0
2017-09-26,38.76,49600.0,2.96,9,49.01,35.84,2.96,68.98,32.92,48.44714285714286,11.392001162051827,3.0,1
2017-09-27,32.7,16000.0,2.98,9,38.76,36.22,2.96,49.01,37.74,48.864285714285714,10.896090823689702,3.11,2
2017-09-28,27.49,28800.0,2.96,9,32.7,44.4,2.98,38.76,36.6,48.36142857142857,11.633177308272835,3.18,3
2017-09-29,30.14,19200.0,2.94,9,27.49,51.44,2.96,32.7,34.91,45.94571428571429,14.089350419309438,3.13,4
2017-10-02,31.98,24800.0,2.94,10,30.14,53.24,2.94,27.49,39.18,42.902857142857144,14.977089964660149,3.11,0
2017-10-03,35.14,23200.0,2.73,10,31.98,68.98,2.94,30.14,42.8,39.86571428571428,14.684243093809613,2.93,1
2017-10-04,39.22,36800.0,2.8,10,35.14,49.01,2.73,31.98,31.21,35.03142857142857,7.128119033264056,2.96,2
2017-10-05,38.43,20800.0,2.8,10,39.22,38.76,2.8,35.14,26.51,33.63285714285714,4.345728608974287,2.96,3
2017-10-06,47.53,42400.0,2.93,10,38.43,32.7,2.8,39.22,25.92,33.58571428571428,4.282164005666881,2.98,4
2017-10-09,50.16,41600.0,2.87,10,47.53,27.49,2.93,38.43,27.23,35.70428571428571,6.736242417309686,2.96,0
2017-10-10,37.11,40800.0,2.89,10,50.16,30.14,2.87,47.53,26.86,38.942857142857136,7.531451197668169,2.94,1
2017-10-11,31.35,9600.0,2.89,10,37.11,31.98,2.89,50.16,27.41,39.93857142857143,6.57350091547224,2.94,2
2017-10-12,29.2,27200.0,2.95,10,31.35,35.14,2.89,37.11,29.35,39.848571428571425,6.7036493259801695,2.73,3
2017-10-13,30.23,9600.0,2.99,10,29.2,39.22,2.95,31.35,24.15,39.0,7.700805152709691,2.8,4
2017-10-16,31.89,28800.0,2.87,10,30.23,38.43,2.99,29.2,32.33,37.715714285714284,8.37787932025534,2.8,0
2017-10-17,30.28,27200.0,2.88,10,31.89,47.53,2.87,30.23,25.16,36.78142857142857,8.645342539139083,2.93,1
2017-10-18,28.66,44800.0,2.81,10,30.28,50.16,2.88,31.89,23.95,34.317142857142855,7.446246737530979,2.87,2
2017-10-19,27.09,16800.0,2.83,10,28.66,37.11,2.81,30.28,22.7,31.245714285714286,2.8181250099008985,2.89,3
2017-10-20,30.44,22400.0,2.8,10,27.09,31.35,2.83,28.66,26.08,29.814285714285713,1.6425676763619133,2.89,4
2017-10-23,31.02,24800.0,2.95,10,30.44,29.2,2.8,27.09,30.15,29.684285714285714,1.5331324920226705,2.95,0
2017-10-24,31.14,8800.0,2.95,10,31.02,30.23,2.95,30.44,32.29,29.944285714285716,1.5905644400952883,2.99,1
2017-10-25,30.36,22400.0,2.98,10,31.14,31.89,2.95,31.02,34.07,30.07428571428571,1.653741789023396,2.87,2
2017-10-26,28.0,1600.0,2.91,10,30.36,30.28,2.98,31.14,35.12,29.85571428571429,1.4639883554052968,2.88,3
2017-10-27,33.53,8000.0,2.78,10,28.0,28.66,2.91,30.36,35.84,29.529999999999998,1.6010725571733901,2.81,4
2017-10-30,32.63,22400.0,2.94,10,33.53,27.09,2.78,28.0,36.22,30.225714285714282,2.1305543655965002,2.83,0
2017-10-31,33.5,8800.0,2.84,10,32.63,30.44,2.94,33.53,44.4,31.017142857142858,1.7700726377348295,2.8,1
2017-11-01,30.14,18400.0,2.68,11,33.5,31.02,2.84,32.63,51.44,31.454285714285714,1.9703117954854157,2.95,2
2017-11-02,29.77,69600.0,2.68,11,30.14,31.14,2.68,33.5,53.24,31.328571428571426,2.0298146760352314,2.95,3
2017-11-03,34.16,44000.0,2.75,11,29.77,30.36,2.68,30.14,68.98,31.13285714285714,2.1152755083418495,2.98,4
2017-11-06,35.3,40000.0,3.01,11,34.16,28.0,2.75,29.77,49.01,31.675714285714285,2.3576037067530287,2.91,0
2017-11-07,44.64,47200.0,3.07,11,35.3,33.53,3.01,34.16,38.76,32.71857142857142,2.0559460804492535,2.78,1
2017-11-08,51.13,67200.0,3.16,11,44.64,32.63,3.07,35.3,32.7,34.30571428571428,4.98648793288044,2.94,2
2017-11-09,58.28,65600.0,3.18,11,51.13,33.5,3.16,44.64,27.49,36.94857142857143,7.963940458030052,2.84,3
2017-11-10,40.87,17600.0,3.17,11,58.28,30.14,3.18,51.13,30.14,40.48857142857143,11.075213208739951,2.68,4
2017-11-13,40.39,16000.0,3.13,11,40.87,29.77,3.17,58.28,31.98,42.021428571428565,10.104183009314237,2.68,0
2017-11-14,34.11,39200.0,3.06,11,40.39,34.16,3.13,40.87,35.14,43.53857142857142,8.650810036390496,2.75,1
2017-11-15,32.95,33600.0,3.16,11,34.11,35.3,3.06,40.39,39.22,43.53142857142857,8.65986033099733,3.01,2
2017-11-16,31.25,26400.0,3.09,11,32.95,44.64,3.16,34.11,38.43,43.19571428571428,9.068079284212402,3.07,3
2017-11-17,34.17,33600.0,3.04,11,31.25,51.13,3.09,32.95,47.53,41.28285714285714,10.069602299802645,3.16,4
2017-11-20,27.8,28800.0,3.04,11,34.17,58.28,3.04,31.25,50.16,38.86,9.31769105876917,3.18,0
2017-11-21,28.0,20800.0,3.05,11,27.8,40.87,3.04,34.17,37.11,34.505714285714284,4.714954425876835,3.17,1
2017-11-22,24.63,12000.0,3.05,11,28.0,40.39,3.05,27.8,31.35,32.667142857142856,4.3116613746355545,3.13,2
2017-11-24,30.08,12000.0,3.05,11,24.63,34.11,3.05,28.0,29.2,30.415714285714284,3.674533336098016,3.06,4
2017-11-27,27.57,19200.0,2.88,11,30.08,32.95,3.05,24.63,30.23,29.84,3.295400835508034,3.16,0
2017-11-28,28.17,16800.0,2.88,11,27.57,31.25,2.88,30.08,31.89,29.071428571428573,3.068764292954848,3.09,1
2017-11-29,28.75,1600.0,3.06,11,28.17,34.17,2.88,27.57,30.28,28.631428571428568,2.9216172951035198,3.04,2
2017-11-30,27.53,11200.0,3.06,11,28.75,27.8,3.06,28.17,28.66,27.857142857142858,1.6510977589241043,3.04,3
2017-12-01,28.21,32800.0,2.84,12,27.53,28.0,3.06,28.75,27.09,27.818571428571428,1.655802208109816,3.05,4
2017-12-04,28.78,49600.0,2.91,12,28.21,24.63,2.84,27.53,30.44,27.84857142857143,1.6615297025275662,3.05,0
2017-12-05,30.2,35200.0,2.86,12,28.78,30.08,2.91,28.21,31.02,28.44142857142857,0.8767445194475642,3.05,1
2017-12-06,37.44,34400.0,2.86,12,30.2,27.57,2.86,28.78,31.14,28.458571428571425,0.9144839814788122,2.88,2
2017-12-07,36.97,85600.0,2.81,12,37.44,28.17,2.86,30.2,30.36,29.868571428571425,3.4394157864935906,2.88,3
2017-12-08,40.28,48000.0,2.78,12,36.97,28.75,2.81,37.44,28.0,31.12571428571428,4.232016293064367,3.06,4
2017-12-11,39.38,123200.0,2.81,12,40.28,27.53,2.78,36.97,33.53,32.77285714285714,5.269806176972499,3.06,0
2017-12-12,47.76,32000.0,2.87,12,39.38,28.21,2.81,40.28,32.63,34.465714285714284,5.207871789073629,2.84,1
2017-12-13,40.9,34400.0,2.87,12,47.76,28.78,2.87,39.38,33.5,37.25857142857143,6.399678191314101,2.91,2
2017-12-14,38.52,32800.0,2.69,12,40.9,30.2,2.87,47.76,30.14,38.99,5.261878625231396,2.86,3
2017-12-15,29.73,19200.0,2.6,12,38.52,37.44,2.69,40.9,29.77,40.17857142857143,3.632998892427758,2.86,4
2017-12-18,27.32,18400.0,2.71,12,29.73,36.97,2.6,38.52,34.16,39.07714285714285,5.359927593682976,2.81,0
2017-12-19,28.79,8800.0,2.75,12,27.32,40.28,2.71,29.73,35.3,37.69857142857143,6.9864164122756565,2.78,1
2017-12-20,32.29,11200.0,2.72,12,28.79,39.38,2.75,27.32,44.64,36.05714285714286,7.601523343571175,2.81,2
2017-12-21,25.69,33600.0,2.64,12,32.29,47.76,2.72,28.79,51.13,35.044285714285714,7.557201548066294,2.87,3
2017-12-22,34.22,40800.0,2.63,12,25.69,40.9,2.64,32.29,58.28,31.89142857142857,5.7575672772779045,2.87,4
2017-12-26,68.85,49600.0,2.68,12,34.22,38.52,2.63,25.69,40.87,30.937142857142852,4.411929714934742,2.69,1
2017-12-27,125.29,35200.0,2.76,12,68.85,29.73,2.68,34.22,40.39,35.269999999999996,15.084540651497047,2.6,2
2017-12-28,104.69,31200.0,2.97,12,125.29,27.32,2.76,68.85,34.11,48.92142857142857,36.818560730774294,2.71,3
2017-12-29,186.89,28800.0,3.69,12,104.69,28.79,2.97,125.29,32.95,59.97428571428571,40.665281611854475,2.75,4
2018-01-03,172.81,40000.0,6.24,1,186.89,32.29,3.69,104.69,31.25,82.55999999999999,59.84191424077275,2.72,2
2018-01-04,366.91,61600.0,4.65,1,172.81,25.69,6.24,186.89,34.17,102.63428571428572,63.61797331392623,2.64,3
2018-01-09,36.31,64000.0,2.93,1,366.91,34.22,4.65,172.81,27.8,151.37999999999997,109.21820406873574,2.63,1
2018-01-10,29.31,17600.0,3.16,1,36.31,68.85,2.93,366.91,28.0,151.67857142857142,108.84676682207447,2.68,2
2018-01-11,29.93,36000.0,3.16,1,29.31,125.29,3.16,36.31,24.63,146.03,114.72856546359036,2.76,3
2018-01-12,82.65,73600.0,4.06,1,29.93,104.69,3.16,29.31,30.08,132.40714285714287,122.96737314077608,2.97,4
2018-01-16,107.95,44800.0,5.46,1,82.65,186.89,4.06,29.93,27.57,129.25857142857143,124.07255127929136,3.69,1
2018-01-17,64.23,40800.0,3.92,1,107.95,172.81,5.46,82.65,28.17,117.98142857142857,121.52259315707121,6.24,2
2018-01-18,39.14,31200.0,3.92,1,64.23,366.91,3.92,107.95,28.75,102.47,120.28109909707345,4.65,3
2018-01-19,30.16,32800.0,3.2,1,39.14,36.31,3.92,64.23,27.53,55.645714285714284,30.385950622583792,2.93,4
2018-01-22,26.28,29600.0,3.13,1,30.16,29.31,3.2,39.14,28.21,54.76714285714286,31.118281183406147,3.16,0
2018-01-23,32.5,15200.0,3.35,1,26.28,29.93,3.13,30.16,28.78,54.33428571428572,31.54949595854267,3.16,1
2018-01-24,40.31,28800.0,3.54,1,32.5,82.65,3.35,26.28,30.2,54.701428571428565,31.23152116509408,4.06,2
2018-01-25,33.2,54400.0,3.54,1,40.31,107.95,3.54,32.5,37.44,48.65285714285715,28.931936053598786,5.46,3
2018-01-26,31.42,19200.0,3.58,1,33.2,64.23,3.54,40.31,36.97,37.97428571428571,12.561568183873437,3.92,4
2018-01-29,46.65,20000.0,3.6,1,31.42,39.14,3.58,33.2,40.28,33.287142857142854,4.94248491579525,3.92,0
2018-01-30,47.04,26400.0,3.6,1,46.65,30.16,3.6,31.42,39.38,34.36,6.86563665414017,3.2,1
2018-01-31,35.12,44800.0,3.34,1,47.04,26.28,3.6,46.65,47.76,36.771428571428565,8.013106822724078,3.13,2
2018-02-01,54.6,88800.0,3.06,2,35.12,32.5,3.34,47.04,40.9,38.034285714285716,6.6677428893217945,3.35,3
2018-02-02,43.31,43200.0,2.91,2,54.6,40.31,3.06,35.12,38.52,41.191428571428574,8.571021776061485,3.54,4
2018-02-05,32.09,75200.0,2.85,2,43.31,33.2,2.91,54.6,29.73,41.620000000000005,8.594573869599696,3.54,0
2018-02-06,31.92,100800.0,2.75,2,32.09,31.42,2.85,43.31,27.32,41.46142857142858,8.78396916466128,3.58,1
2018-02-07,38.38,8000.0,2.74,2,31.92,46.65,2.75,32.09,28.79,41.53285714285715,8.690239187897134,3.6,2
2018-02-08,31.6,23200.0,2.74,2,38.38,47.04,2.74,31.92,32.29,40.35142857142857,8.437085651202095,3.6,3
2018-02-09,28.13,14400.0,2.66,2,31.6,35.12,2.74,38.38,25.69,38.145714285714284,8.41527154868465,3.34,4
2018-02-12,30.68,28800.0,2.6,2,28.13,54.6,2.66,31.6,34.22,37.14714285714286,9.21122813795913,3.06,0
2018-02-13,24.66,16000.0,2.58,2,30.68,43.31,2.6,28.13,68.85,33.730000000000004,5.237111162973323,2.91,1
2018-02-14,22.71,8800.0,2.53,2,24.66,32.09,2.58,30.68,125.29,31.065714285714286,4.190536390261022,2.85,2
2018-02-15,23.87,8000.0,2.49,2,22.71,31.92,2.53,24.66,104.69,29.725714285714286,5.189142052218455,2.75,3
2018-02-16,24.77,41600.0,2.49,2,23.87,38.38,2.49,22.71,186.89,28.57571428571429,5.504243384708023,2.74,4
2018-02-20,24.29,26400.0,2.61,2,24.77,31.6,2.49,23.87,172.81,26.631428571428568,3.504232814619278,2.74,1
2018-02-21,29.89,40000.0,2.65,2,24.29,28.13,2.61,24.77,366.91,25.587142857142858,2.794033609234292,2.66,2
2018-02-22,27.21,16000.0,2.65,2,29.89,30.68,2.65,24.29,36.31,25.83857142857143,3.121049121538236,2.6,3
2018-02-23,25.61,20000.0,2.58,2,27.21,24.66,2.65,29.89,29.31,25.342857142857145,2.4209826812400284,2.58,4
2018-02-26,26.46,3200.0,2.6,2,25.61,22.71,2.58,27.21,29.93,25.478571428571428,2.4028831888076922,2.53,0
2018-02-27,26.22,20000.0,2.59,2,26.46,23.87,2.6,25.61,82.65,26.014285714285712,2.0789569271076473,2.49,1
2018-02-28,27.28,45600.0,2.66,2,26.22,24.77,2.59,26.46,107.95,26.349999999999998,1.8523768515091479,2.49,2
2018-03-01,32.58,26400.0,2.67,3,27.28,24.29,2.66,26.22,64.23,26.708571428571428,1.7347567415600005,2.61,3
2018-03-02,33.34,18400.0,2.67,3,32.58,29.89,2.67,27.28,39.14,27.892857142857142,2.4786670765145735,2.65,4
2018-03-05,33.69,16800.0,2.7,3,33.34,27.21,2.67,32.58,30.16,28.385714285714283,3.184471997799431,2.65,0
2018-03-06,36.54,16800.0,2.7,3,33.69,25.61,2.7,33.34,26.28,29.31142857142857,3.6878106810212397,2.58,1
2018-03-07,38.75,32800.0,2.8,3,36.54,26.46,2.7,33.69,32.5,30.872857142857146,4.1449757308735125,2.6,2
2018-03-08,35.58,20000.0,2.8,3,38.75,26.22,2.8,36.54,40.31,32.628571428571426,4.547587010608383,2.59,3
2018-03-09,38.81,44000.0,2.71,3,35.58,27.28,2.8,38.75,33.2,33.965714285714284,3.633381607369127,2.66,4
2018-03-12,54.14,44000.0,2.78,3,38.81,32.58,2.71,35.58,31.42,35.612857142857145,2.549037166499677,2.67,0
2018-03-13,43.64,39200.0,2.76,3,54.14,33.34,2.78,38.81,46.65,38.692857142857136,7.148864045627327,2.67,1
2018-03-14,36.3,19200.0,2.69,3,43.64,33.69,2.76,54.14,47.04,40.16428571428572,6.919814200644005,2.7,2
2018-03-15,35.11,28800.0,2.7,3,36.3,36.54,2.69,43.64,35.12,40.537142857142854,6.574523339593751,2.7,3
2018-03-16,33.91,21600.0,2.62,3,35.11,38.75,2.7,36.3,54.6,40.332857142857144,6.7395690126443775,2.8,4
2018-03-19,46.13,24800.0,2.62,3,33.91,35.58,2.62,35.11,43.31,39.64142857142857,7.163936135420726,2.8,0
2018-03-20,49.84,56000.0,2.71,3,46.13,38.81,2.62,33.91,32.09,41.14857142857143,7.275963690058754,2.71,1
2018-03-21,44.02,41600.0,2.74,3,49.84,54.14,2.71,46.13,31.92,42.72428571428571,7.856311384577004,2.78,2
2018-03-22,35.13,42400.0,2.62,3,44.02,43.64,2.74,49.84,38.38,41.278571428571425,6.151686567036182,2.76,3
2018-03-23,35.02,16800.0,2.58,3,35.13,36.3,2.62,44.02,31.6,40.06285714285714,6.441303476486446,2.69,4
2018-03-26,32.54,13600.0,2.63,3,35.02,35.11,2.58,35.13,28.13,39.88,6.582547632439832,2.7,0
2018-03-27,31.79,12000.0,2.6,3,32.54,33.91,2.63,35.02,30.68,39.51285714285715,6.95412039557818,2.62,1
2018-03-28,31.37,40000.0,2.64,3,31.79,46.13,2.6,32.54,24.66,39.21,7.277444606453969,2.62,2
2018-03-29,25.89,25600.0,2.81,3,31.37,49.84,2.64,31.79,22.71,37.10142857142858,7.073705838223727,2.71,3
2018-04-02,34.15,26400.0,2.75,4,25.89,44.02,2.81,31.37,23.87,33.68,5.503114269817877,2.74,0
2018-04-03,33.9,18400.0,2.75,4,34.15,35.13,2.75,25.89,24.77,32.27,3.1909820849815613,2.62,1
2018-04-04,40.55,36800.0,2.81,4,33.9,35.02,2.75,34.15,24.29,32.09428571428571,3.0374158816503645,2.58,2
2018-04-05,34.23,25600.0,2.81,4,40.55,32.54,2.81,33.9,29.89,32.88428571428572,4.357483437119232,2.63,3
2018-04-06,48.31,19200.0,2.81,4,34.23,31.79,2.81,40.55,27.21,33.12571428571429,4.381977700928552,2.6,4
2018-04-09,40.72,20800.0,2.78,4,48.31,31.37,2.81,34.23,25.61,35.48571428571428,7.129768245749752,2.64,0
2018-04-10,34.7,35200.0,2.78,4,40.72,25.89,2.78,48.31,26.46,36.82142857142857,7.1059984721163865,2.81,1
2018-04-11,31.65,16000.0,2.74,4,34.7,34.15,2.78,40.72,26.22,38.08,5.429665428612768,2.75,2
2018-04-12,30.31,18400.0,2.76,4,31.65,33.9,2.74,34.7,27.28,37.722857142857144,5.800786481980686,2.75,3
2018-04-13,41.08,23200.0,2.82,4,30.31,40.55,2.76,31.65,32.58,37.209999999999994,6.329689302538693,2.81,4
2018-04-16,48.88,40000.0,2.88,4,41.08,34.23,2.82,30.31,33.34,37.285714285714285,6.379275970262455,2.81,0
2018-04-17,38.8,11200.0,2.84,4,48.88,48.31,2.88,41.08,33.69,39.378571428571426,7.512219886228937,2.81,1
2018-04-18,39.26,36800.0,2.85,4,38.8,40.72,2.84,48.88,36.54,38.019999999999996,6.406311991570451,2.78,2
2018-04-19,41.79,52800.0,2.8,4,39.26,34.7,2.85,38.8,38.75,37.81142857142857,6.327033081868126,2.78,3
2018-04-20,36.12,23200.0,2.78,4,41.79,31.65,2.8,39.26,35.58,38.824285714285715,6.313411273215761,2.74,4
2018-04-23,38.99,57600.0,2.78,4,36.12,30.31,2.78,41.79,38.81,39.462857142857146,5.65896549522935,2.76,0
2018-04-24,37.37,30400.0,2.79,4,38.99,41.08,2.78,36.12,54.14,40.702857142857134,4.037923205006449,2.82,1
2018-04-25,36.78,4000.0,2.81,4,37.37,48.88,2.79,38.99,43.64,40.17285714285714,4.219564409927833,2.88,2
2018-04-26,34.64,31200.0,2.81,4,36.78,38.8,2.81,37.37,36.3,38.44428571428572,1.8977957138308021,2.84,3
2018-04-27,37.29,50400.0,2.82,4,34.64,39.26,2.81,36.78,35.11,37.85,2.3623293589180268,2.85,4
2018-04-30,38.51,31200.0,2.75,4,37.29,41.79,2.82,34.64,33.91,37.56857142857143,2.282348414620426,2.8,0
2018-05-01,47.13,39200.0,2.75,5,38.51,36.12,2.75,37.29,46.13,37.1,1.459657494073913,2.78,1
2018-05-02,57.29,32000.0,2.77,5,47.13,38.99,2.75,38.51,49.84,38.67285714285714,3.981351170502687,2.78,2
2018-05-03,51.45,63200.0,2.75,5,57.29,37.37,2.77,47.13,44.02,41.287142857142854,8.10105901366376,2.79,3
2018-05-04,31.43,21600.0,2.75,5,51.45,36.78,2.75,57.29,35.13,43.29857142857143,8.692733418535262,2.81,4
2018-05-07,33.69,38400.0,2.74,5,31.43,34.64,2.75,51.45,35.02,42.534285714285716,9.55391692299206,2.81,0
2018-05-08,38.02,36000.0,2.77,5,33.69,37.29,2.74,31.43,32.54,42.39857142857143,9.690516719232253,2.82,1
2018-05-09,38.66,47200.0,2.75,5,38.02,38.51,2.77,33.69,31.79,42.50285714285714,9.630117192581961,2.75,2
2018-05-10,36.19,32000.0,2.78,5,38.66,47.13,2.75,38.02,31.37,42.52428571428572,9.619913127021164,2.75,3
2018-05-11,48.99,36000.0,2.75,5,36.19,57.29,2.78,38.66,25.89,40.96142857142858,9.635604856592378,2.77,4
2018-05-14,58.69,45600.0,2.84,5,48.99,51.45,2.75,36.19,34.15,39.77571428571429,7.583574041182762,2.75,0
2018-05-15,39.44,28000.0,2.83,5,58.69,31.43,2.84,48.99,33.9,40.81,9.652604139126,2.75,1
2018-05-16,35.19,58400.0,2.85,5,39.44,33.69,2.83,58.69,40.55,41.95428571428572,8.791694673844221,2.74,2
2018-05-17,33.06,24000.0,2.75,5,35.19,38.02,2.85,39.44,34.23,42.16857142857143,8.572233136842847,2.77,3
2018-05-18,40.59,45600.0,2.75,5,33.06,38.66,2.75,35.19,48.31,41.459999999999994,9.157328576974418,2.75,4
2018-05-21,39.45,61600.0,2.77,5,40.59,36.19,2.75,33.06,40.72,41.73571428571428,9.087764406319495,2.78,0
2018-05-22,41.92,42400.0,2.76,5,39.45,48.99,2.77,40.59,34.7,42.20142857142857,8.836251898800372,2.75,1
2018-05-23,46.83,62400.0,2.89,5,41.92,58.69,2.76,39.45,31.65,41.19142857142857,8.319954784676012,2.84,2
2018-05-24,56.81,20000.0,2.88,5,46.83,39.44,2.89,41.92,30.31,39.49714285714286,4.487559523415407,2.83,3
2018-05-25,61.93,67200.0,2.88,5,56.81,35.19,2.88,46.83,41.08,41.978571428571435,7.9315665299518985,2.85,4
2018-05-29,36.25,16800.0,2.84,5,61.93,33.06,2.88,56.81,48.88,45.798571428571435,10.224859295807095,2.75,1
2018-05-30,50.83,61600.0,2.83,5,36.25,40.59,2.84,61.93,38.8,46.25428571428571,9.615410993370677,2.75,2
2018-05-31,58.21,63200.0,2.94,5,50.83,39.45,2.83,36.25,39.26,47.71714285714286,9.38625007530672,2.77,3
2018-06-01,30.05,29600.0,2.91,6,58.21,41.92,2.94,50.83,41.79,50.39714285714285,9.310278753946902,2.76,4
2018-06-04,28.83,40000.0,2.89,6,30.05,46.83,2.91,58.21,36.12,48.70142857142857,11.846967866042874,2.89,0
2018-06-05,27.75,32000.0,2.89,6,28.83,56.81,2.89,30.05,38.99,46.129999999999995,14.066447075695358,2.88,1
2018-06-06,32.57,23200.0,2.89,6,27.75,61.93,2.89,28.83,37.37,41.97857142857142,14.664646181175092,2.88,2
2018-06-07,35.83,12000.0,3.02,6,32.57,36.25,2.89,27.75,36.78,37.784285714285716,11.95567209478837,2.84,3
2018-06-08,30.09,6400.0,2.91,6,35.83,50.83,3.02,32.57,34.64,37.72428571428571,11.965704962019638,2.83,4
2018-06-11,28.37,26400.0,3.0,6,30.09,58.21,2.91,35.83,37.29,34.761428571428574,10.678182474203533,2.94,0
2018-06-12,34.04,24000.0,2.98,6,28.37,30.05,3.0,30.09,38.51,30.49857142857143,2.8270327705425244,2.91,1
2018-06-13,34.52,26400.0,2.98,6,34.04,28.83,2.98,28.37,47.13,31.068571428571428,3.109632500106929,2.89,2
2018-06-14,32.51,5600.0,2.99,6,34.52,27.75,2.98,34.04,57.29,31.881428571428575,3.1700390563926035,2.89,3
2018-06-15,74.49,28800.0,3.02,6,32.51,32.57,2.99,34.52,51.45,32.56142857142857,2.594368443196614,2.89,4
2018-06-18,48.03,107200.0,2.99,6,74.49,35.83,3.02,32.51,31.43,38.550000000000004,16.058998515889442,3.02,0
2018-06-19,33.82,32000.0,2.95,6,48.03,30.09,2.99,74.49,33.69,40.292857142857144,16.37354442821904,2.91,1
2018-06-20,32.52,28000.0,2.96,6,33.82,28.37,2.95,48.03,38.02,40.825714285714284,16.04353333604439,3.0,2
2018-06-21,28.03,32000.0,3.08,6,32.52,34.04,2.96,33.82,38.66,41.41857142857143,15.576421742034334,2.98,3
2018-06-22,32.3,16000.0,2.95,6,28.03,34.52,3.08,32.52,36.19,40.56,16.20390899340873,2.98,4
2018-06-25,31.6,36800.0,2.96,6,32.3,32.51,2.95,28.03,48.99,40.24285714285714,16.362772497640172,2.99,0
2018-06-26,29.57,32000.0,2.98,6,31.6,74.49,2.96,32.3,58.69,40.112857142857145,16.43789089703612,3.02,1
2018-06-27,38.6,33600.0,3.01,6,29.57,48.03,2.98,31.6,39.44,33.69571428571429,6.612253416052796,2.99,2
2018-06-28,50.64,45600.0,2.99,6,38.6,33.82,3.01,29.57,35.19,32.34857142857143,3.371648600569323,2.95,3
2018-06-29,64.87,31200.0,2.96,6,50.64,32.52,2.99,38.6,33.06,34.75142857142857,7.748153389833441,2.96,4
2018-07-02,64.49,44000.0,2.9,7,64.87,28.03,2.96,50.64,40.59,39.37285714285714,13.618915417273985,3.08,0
2018-07-03,47.39,39200.0,2.9,7,64.49,32.3,2.9,64.87,39.45,44.58142857142857,15.411873592105952,2.95,1
2018-07-05,34.62,39200.0,2.91,7,47.39,31.6,2.9,64.49,41.92,46.73714285714285,14.431908760666255,2.96,3
2018-07-06,37.02,39200.0,2.91,7,34.62,29.57,2.91,47.39,46.83,47.16857142857143,13.940762088890711,2.98,4
2018-07-09,40.94,62400.0,2.9,7,37.02,38.6,2.91,34.62,56.81,48.23285714285714,12.592484152972435,3.01,0
2018-07-10,37.68,12000.0,2.9,7,40.94,50.64,2.9,37.02,61.93,48.567142857142855,12.322307297858703,2.99,1
2018-07-11,34.16,24000.0,2.89,7,37.68,64.87,2.9,40.94,36.25,46.715714285714284,12.918166610298595,2.96,2
2018-07-12,38.49,12800.0,2.89,7,34.16,64.49,2.89,37.68,50.83,42.32857142857143,10.759591734156071,2.9,3
2018-07-13,50.29,25600.0,2.86,7,38.49,47.39,2.89,34.16,58.21,38.61428571428571,4.502724572015742,2.9,4
2018-07-16,40.88,14400.0,2.76,7,50.29,34.62,2.86,38.49,30.05,39.028571428571425,5.473495009502919,2.91,0
2018-07-17,33.38,24800.0,2.81,7,40.88,37.02,2.76,50.29,28.83,39.92285714285714,5.134019589255849,2.91,1
2018-07-18,33.6,15200.0,2.8,7,33.38,40.94,2.81,40.88,27.75,39.402857142857144,5.636762410834447,2.9,2
2018-07-19,34.84,31200.0,2.75,7,33.6,37.68,2.8,33.38,32.57,38.354285714285716,5.975678084655695,2.9,3
2018-07-20,37.5,800.0,2.79,7,34.84,34.16,2.75,33.6,35.83,37.94857142857143,6.123665646684734,2.89,4
2018-07-23,35.93,30400.0,2.79,7,37.5,38.49,2.79,34.84,30.09,38.425714285714285,5.905505502334326,2.89,0
2018-07-24,37.52,43200.0,2.73,7,35.93,50.29,2.79,37.5,28.37,38.06,5.979662755262412,2.86,1
2018-07-25,41.38,32000.0,2.82,7,37.52,40.88,2.73,35.93,34.04,36.23571428571429,2.6445154385572973,2.76,2
2018-07-26,37.32,18400.0,2.82,7,41.38,33.38,2.82,37.52,34.52,36.307142857142864,2.7934251036191746,2.81,3
2018-07-27,68.34,32000.0,2.78,7,37.32,33.6,2.82,41.38,32.51,36.870000000000005,2.485269938391522,2.8,4
2018-07-30,33.13,30400.0,2.75,7,68.34,34.84,2.78,37.32,74.49,41.83285714285715,11.862530244830957,2.75,0
2018-07-31,36.59,22400.0,2.82,7,33.13,37.5,2.75,68.34,48.03,41.58857142857143,12.046712454125663,2.79,1
2018-08-01,39.15,23200.0,2.8,8,36.59,35.93,2.82,33.13,33.82,41.45857142857143,12.10296579158953,2.79,2
2018-08-02,35.16,26400.0,2.77,8,39.15,37.52,2.8,36.59,32.52,41.91857142857143,11.917591239524299,2.73,3
2018-08-03,48.44,21600.0,2.86,8,35.16,41.38,2.77,39.15,28.03,41.58142857142858,12.094827308360092,2.82,4
2018-08-06,46.16,20800.0,2.85,8,48.44,37.32,2.86,35.16,32.3,42.589999999999996,12.366540879863642,2.82,0
2018-08-07,41.16,27200.0,2.95,8,46.16,68.34,2.85,48.44,31.6,43.85285714285715,12.188767663010987,2.78,1
2018-08-08,39.0,8000.0,2.99,8,41.16,33.13,2.95,46.16,29.57,39.96999999999999,5.678785081336108,2.75,2
2018-08-09,37.98,17600.0,3.02,8,39.0,36.59,2.99,41.16,38.6,40.808571428571426,4.877234286531635,2.82,3
2018-08-10,35.73,16000.0,2.96,8,37.98,39.15,3.02,39.0,50.64,41.00714285714286,4.702002106499876,2.8,4
2018-08-13,37.13,29600.0,2.92,8,35.73,35.16,2.96,37.98,64.87,40.51857142857143,5.088897813120878,2.77,0
2018-08-14,38.67,8000.0,3.02,8,37.13,48.44,2.92,35.73,64.49,40.8,4.788788990966868,2.86,1
2018-08-15,39.77,8800.0,3.02,8,38.67,46.16,3.02,37.13,47.39,39.40428571428571,3.4187271371229477,2.85,2
2018-08-16,40.3,14400.0,3.02,8,39.77,41.16,3.02,38.67,34.62,38.49142857142857,1.7695143266972146,2.95,3
2018-08-17,35.04,6400.0,3.01,8,40.3,39.0,3.02,39.77,37.02,38.36857142857143,1.5722110605937674,2.99,4
2018-08-20,32.54,13600.0,3.04,8,35.04,37.98,3.01,40.3,40.94,37.80285714285714,1.9694137392118252,3.02,0
2018-08-21,33.07,24000.0,3.01,8,32.54,35.73,3.04,35.04,37.68,37.02571428571429,2.790166405688824,2.96,1
2018-08-22,29.86,7200.0,3.02,8,33.07,37.13,3.01,32.54,34.16,36.645714285714284,3.1535210857232583,2.92,2
2018-08-23,28.66,20000.0,3.01,8,29.86,38.67,3.02,33.07,38.49,35.607142857142854,4.039990570475367,3.02,3
2018-08-24,46.07,21600.0,2.99,8,28.66,39.77,3.01,29.86,50.29,34.17714285714286,4.518416810808483,3.02,4
2018-08-27,54.3,20000.0,2.98,8,46.07,40.3,2.99,28.66,40.88,35.07714285714285,6.150698373046479,3.02,0
2018-08-28,48.26,23200.0,2.98,8,54.3,35.04,2.98,46.07,33.38,37.07714285714286,9.497600950215254,3.01,1
2018-08-29,40.88,16800.0,2.96,8,48.26,32.54,2.98,54.3,33.6,38.965714285714284,10.305063249268985,3.04,2
2018-08-30,33.19,9600.0,2.96,8,40.88,33.07,2.96,48.26,34.84,40.15714285714286,9.91298931417071,3.01,3
2018-08-31,52.78,22400.0,2.98,8,33.19,29.86,2.96,40.88,37.5,40.174285714285716,9.898784196629107,3.02,4
2018-09-04,52.84,28000.0,2.96,9,52.78,28.66,2.98,33.19,35.93,43.44857142857143,9.707286659294628,3.01,1
2018-09-05,43.3,15200.0,3.0,9,52.84,46.07,2.96,52.78,37.52,46.90285714285715,7.652460855362925,2.99,2
2018-09-06,34.94,27200.0,2.93,9,43.3,54.3,3.0,52.84,41.38,46.50714285714285,7.773370599437239,2.98,3
2018-09-07,32.6,25600.0,2.88,9,34.94,48.26,2.93,43.3,37.32,43.74142857142857,7.979950769630064,2.98,4
2018-09-10,36.03,8000.0,2.9,9,32.6,40.88,2.88,34.94,68.34,41.50428571428572,8.66754455260739,2.96,0
2018-09-11,36.73,40000.0,2.94,9,36.03,33.19,2.9,32.6,33.13,40.81142857142857,8.91605000092828,2.96,1
2018-09-12,39.63,31200.0,2.98,9,36.73,52.78,2.94,36.03,36.59,41.31714285714286,8.50252259486536,2.98,2
2018-09-13,45.15,61600.0,2.94,9,39.63,52.84,2.98,36.73,39.15,39.43857142857143,6.8374396489027,2.96,3
2018-09-14,41.05,32000.0,2.91,9,45.15,43.3,2.94,39.63,35.16,38.339999999999996,4.565771201743744,3.0,4
2018-09-17,48.42,58400.0,2.95,9,41.05,34.94,2.91,45.15,48.44,38.01857142857143,4.224864607580561,2.93,0
2018-09-18,47.32,15200.0,3.0,9,48.42,32.6,2.95,41.05,46.16,39.94428571428572,5.474948575536352,2.88,1
2018-09-19,50.13,12800.0,3.11,9,47.32,36.03,3.0,48.42,41.16,42.04714285714285,4.989304274431703,2.9,2
2018-09-20,47.71,39200.0,3.07,9,50.13,36.73,3.11,47.32,39.0,44.06142857142857,5.001401232226756,2.94,3
2018-09-21,36.04,56800.0,3.02,9,47.71,39.63,3.07,50.13,37.98,45.63,3.9247802486260013,2.98,4
2018-09-24,37.88,19200.0,3.04,9,36.04,45.15,3.02,47.71,35.73,45.11714285714286,4.9421712984134825,2.94,0
2018-09-25,43.19,14400.0,3.12,9,37.88,41.05,3.04,36.04,37.13,44.07857142857142,5.647640889703649,2.91,1
2018-09-26,30.92,18400.0,3.1,9,43.19,48.42,3.12,37.88,38.67,44.38428571428572,5.512684939129045,2.95,2
2018-09-27,29.75,19200.0,3.05,9,30.92,47.32,3.1,43.19,39.77,41.88428571428572,7.113229124064111,3.0,3
2018-09-28,39.41,11200.0,3.01,9,29.75,50.13,3.05,30.92,40.3,39.37428571428571,7.928654482619832,3.11,4
2018-10-01,42.97,20000.0,3.13,10,39.41,47.71,3.01,29.75,35.04,37.84285714285715,6.391144170610585,3.07,0
2018-10-02,42.81,22400.0,3.14,10,42.97,36.04,3.13,39.41,32.54,37.16571428571429,5.335381451977091,3.02,1
2018-10-03,42.95,24000.0,3.26,10,42.81,37.88,3.14,42.97,33.07,38.13285714285714,5.6985516121376225,3.04,2
2018-10-04,32.88,6400.0,3.39,10,42.95,43.19,3.26,42.81,29.86,38.857142857142854,5.976478099700208,3.12,3
2018-10-05,46.72,28000.0,3.25,10,32.88,30.92,3.39,42.95,28.66,37.38428571428572,6.001071729680277,3.1,4
2018-10-08,53.48,21600.0,3.28,10,46.72,29.75,3.25,32.88,46.07,39.64142857142857,6.134368830807827,3.05,0
2018-10-09,47.3,23200.0,3.4,10,53.48,39.41,3.28,46.72,54.3,43.03142857142858,6.31141671515882,3.01,1
2018-10-10,36.5,11200.0,3.45,10,47.3,42.97,3.4,53.48,48.26,44.15857142857142,6.261212418724187,3.13,2
2018-10-11,30.28,22400.0,3.16,10,36.5,42.81,3.45,47.3,40.88,43.23428571428571,6.909866996170553,3.14,3
2018-10-12,32.1,20000.0,3.19,10,30.28,42.95,3.16,36.5,33.19,41.44428571428572,8.482161393463771,3.26,4
2018-10-15,35.1,11200.0,3.26,10,32.1,32.88,3.19,30.28,52.78,39.894285714285715,9.127918450451933,3.39,0
2018-10-16,31.11,25600.0,3.27,10,35.1,46.72,3.26,32.1,52.84,40.21142857142858,8.878760102198195,3.25,1
2018-10-17,35.36,27200.0,3.3,10,31.11,53.48,3.27,35.1,43.3,37.98142857142857,8.931764343382563,3.28,2
2018-10-18,32.01,3200.0,3.28,10,35.36,47.3,3.3,31.11,34.94,35.392857142857146,5.750648410645828,3.4,3
2018-10-19,38.18,14400.0,3.2,10,32.01,36.5,3.28,35.36,32.6,33.208571428571425,2.404360126739375,3.45,4
2018-10-22,35.0,24000.0,3.2,10,38.18,30.28,3.2,32.01,36.03,33.44857142857143,2.8332574219534226,3.16,0
2018-10-23,39.02,20000.0,3.28,10,35.0,32.1,3.2,38.18,36.73,34.12285714285714,2.494946320637699,3.19,1
2018-10-24,42.08,19200.0,3.42,10,39.02,35.1,3.28,35.0,39.63,35.11142857142857,2.898208806439007,3.26,2
2018-10-25,40.33,32800.0,3.42,10,42.08,31.11,3.42,39.02,45.15,36.10857142857143,3.9157478152183343,3.27,3
2018-10-26,40.07,12800.0,3.27,10,40.33,35.36,3.42,42.08,41.05,37.425714285714285,3.480641019233088,3.3,4
2018-10-29,36.8,53600.0,3.2,10,40.07,32.01,3.27,40.33,48.42,38.098571428571425,3.4699924523049877,3.28,0
2018-10-30,33.26,25600.0,3.27,10,36.8,38.18,3.2,40.07,47.32,38.78285714285715,2.3658311737871363,3.2,1
2018-10-31,34.56,31200.0,3.31,10,33.26,35.0,3.27,36.8,50.13,38.08,3.1692112583426764,3.2,2
2018-11-01,33.53,34400.0,3.36,11,34.56,39.02,3.31,33.26,47.71,38.01714285714286,3.243962157022867,3.28,3
2018-11-02,37.28,20800.0,3.26,11,33.53,42.08,3.36,34.56,36.04,37.23285714285714,3.60469006659332,3.42,4
2018-11-05,36.45,25600.0,3.53,11,37.28,40.33,3.26,33.53,37.88,36.54714285714286,2.920580503289825,3.42,0
2018-11-06,36.16,7200.0,3.53,11,36.45,40.07,3.53,37.28,43.19,35.99285714285714,2.4058104267647646,3.27,1
2018-11-07,40.03,18400.0,3.54,11,36.16,36.8,3.53,36.45,30.92,35.434285714285714,1.630356373547892,3.2,2
2018-11-08,45.92,47200.0,3.54,11,40.03,33.26,3.54,36.16,29.75,35.895714285714284,2.3704208989336704,3.27,3
2018-11-09,47.25,12800.0,3.74,11,45.92,34.56,3.54,40.03,39.41,37.70428571428572,4.170455039693064,3.31,4
2018-11-12,43.95,22400.0,3.96,11,47.25,33.53,3.74,45.92,42.97,39.51714285714286,5.205528196977674,3.36,0
2018-11-13,50.41,4800.0,4.1,11,43.95,37.28,3.96,47.25,42.81,41.00571428571429,4.670449147362692,3.26,1
2018-11-14,62.25,12800.0,4.1,11,50.41,36.45,4.1,43.95,42.95,42.88142857142857,5.489536800652649,3.53,2
2018-11-15,44.53,24800.0,4.69,11,62.25,36.16,4.1,50.41,32.88,46.56714285714286,8.36158819500591,3.53,3
2018-11-16,44.35,4800.0,4.3,11,44.53,40.03,4.69,62.25,46.72,47.762857142857136,7.133607582623397,3.54,4
2018-11-19,39.29,28800.0,4.65,11,44.35,45.92,4.3,44.53,53.48,48.38,6.512994702900105,3.54,0
2018-11-20,41.05,12000.0,4.65,11,39.29,47.25,4.65,44.35,47.3,47.43285714285714,7.3576665555637994,3.74,1
2018-11-21,44.1,34400.0,4.7,11,41.05,43.95,4.65,39.29,36.5,46.54714285714285,7.74626300071173,3.96,2
2018-11-26,44.78,21600.0,4.28,11,44.1,50.41,4.7,41.05,30.28,46.56857142857143,7.738084234424735,4.1,0
2018-11-27,47.76,18400.0,4.28,11,44.78,62.25,4.28,44.1,32.1,45.76428571428571,7.56286951084708,4.1,1
2018-11-28,44.34,9600.0,4.5,11,47.76,44.53,4.28,44.78,35.1,43.69428571428572,2.7505081781555467,4.69,2
2018-11-29,38.82,13600.0,4.5,11,44.34,44.35,4.5,47.76,31.11,43.667142857142856,2.741810316110347,4.3,3
2018-11-30,37.72,28000.0,4.61,11,38.82,39.29,4.5,44.34,35.36,42.87714285714286,3.2599832018272523,4.65,4
2018-12-03,44.79,21600.0,4.4,12,37.72,41.05,4.61,38.82,32.01,42.65285714285715,3.5856506349888426,4.65,0
2018-12-04,53.98,9600.0,4.4,12,44.79,44.1,4.4,37.72,38.18,43.18714285714286,3.585650634988835,4.7,1
2018-12-05,50.67,4800.0,4.69,12,53.98,44.78,4.4,44.79,35.0,44.598571428571425,5.459683838744953,4.28,2
2018-12-06,44.03,31200.0,4.44,12,50.67,47.76,4.69,53.98,39.02,45.440000000000005,5.926243891932881,4.28,3
2018-12-07,48.12,25600.0,4.51,12,44.03,44.34,4.44,50.67,42.08,44.90714285714286,5.850076108581464,4.5,4
2018-12-10,48.93,10400.0,4.54,12,48.12,38.82,4.51,44.03,40.33,45.44714285714286,5.962381275647808,4.5,0
2018-12-11,42.43,24000.0,4.53,12,48.93,37.72,4.54,48.12,40.07,46.89142857142857,5.2743006758292195,4.61,1
2018-12-12,37.45,16000.0,4.53,12,42.43,44.79,4.53,48.93,36.8,47.56428571428571,4.072869001670293,4.4,2
2018-12-13,34.91,10400.0,4.31,12,37.45,53.98,4.53,42.43,33.26,46.51571428571429,5.574273815613434,4.4,3
2018-12-14,37.6,8800.0,3.99,12,34.91,50.67,4.31,37.45,34.56,43.79142857142857,5.964619095330925,4.69,4
2018-12-17,40.09,20000.0,3.8,12,37.6,44.03,3.99,34.91,33.53,41.924285714285716,5.478375237066261,4.44,0
2018-12-18,36.56,12000.0,3.8,12,40.09,48.12,3.8,37.6,37.28,41.361428571428576,5.428144030794803,4.51,1
2018-12-19,35.73,23200.0,3.64,12,36.56,48.93,3.8,40.09,36.45,39.71,4.744705821580426,4.54,2
2018-12-20,30.12,14400.0,3.7,12,35.73,42.43,3.64,36.56,36.16,37.824285714285715,2.6145098784988385,4.53,3
2018-12-21,28.12,4800.0,3.7,12,30.12,37.45,3.7,35.73,40.03,36.065714285714286,3.0959481969344353,4.53,4
2018-12-26,31.01,8800.0,3.42,12,28.12,34.91,3.7,30.12,45.92,34.73285714285714,4.2089575680363325,4.31,2
2018-12-27,25.2,13600.0,3.1,12,31.01,37.6,3.42,28.12,47.25,34.175714285714285,4.433722503506711,3.99,3
2018-12-28,26.96,15200.0,3.25,12,25.2,40.09,3.1,31.01,43.95,32.40428571428571,5.241173078434069,3.8,4
2019-01-02,28.95,21600.0,3.25,1,26.96,36.56,3.25,25.2,50.41,30.528571428571432,4.296535148898625,3.8,2
2019-01-03,26.16,23200.0,2.72,1,28.95,35.73,3.25,26.96,62.25,29.44142857142857,3.3813677142622045,3.64,3
2019-01-04,30.45,23200.0,2.8,1,26.16,30.12,2.72,28.95,44.53,28.074285714285715,2.1110807433088095,3.7,4
2019-01-07,24.89,24800.0,2.74,1,30.45,28.12,2.8,26.16,44.35,28.121428571428574,2.1673134565759016,3.7,0
2019-01-08,31.03,39200.0,2.89,1,24.89,31.01,2.74,30.45,39.29,27.66,2.4878102821572674,3.42,1
2019-01-09,36.06,67200.0,2.92,1,31.03,25.2,2.89,24.89,41.05,27.662857142857142,2.492306256501776,3.1,2
2019-01-10,40.57,48000.0,2.95,1,36.06,26.96,2.92,31.03,44.1,29.214285714285715,3.7609256712635424,3.25,3
2019-01-11,36.46,48000.0,2.95,1,40.57,28.95,2.95,36.06,44.78,31.158571428571427,5.511746331159898,3.25,4
2019-01-14,36.59,28800.0,3.36,1,36.46,26.16,2.95,40.57,47.76,32.23142857142857,5.736524582508221,2.72,0
2019-01-15,31.78,12800.0,3.54,1,36.59,30.45,3.36,36.46,44.34,33.721428571428575,5.228774326014424,2.8,1
2019-01-16,35.38,13600.0,3.58,1,31.78,24.89,3.54,36.59,38.82,33.91142857142857,5.112968572077695,2.74,2
2019-01-17,32.27,19200.0,3.58,1,35.38,31.03,3.58,31.78,37.72,35.410000000000004,3.212091738001849,2.89,3
2019-01-18,98.64,57600.0,3.43,1,32.27,36.06,3.58,35.38,44.79,35.58714285714286,2.954114160995959,2.92,4
2019-01-22,31.32,32800.0,3.43,1,98.64,40.57,3.43,32.27,53.98,44.527142857142856,24.04279082128769,2.95,1
2019-01-23,29.67,27200.0,3.13,1,31.32,36.46,3.43,98.64,50.67,43.205714285714286,24.54547199053423,2.95,2
2019-01-24,38.81,31200.0,3.13,1,29.67,36.59,3.13,31.32,44.03,42.23571428571429,24.986682357570015,3.36,3
2019-01-25,31.76,27200.0,3.07,1,38.81,31.78,3.13,29.67,48.12,42.55285714285714,24.917072938239137,3.54,4
2019-01-28,35.29,40800.0,3.05,1,31.76,35.38,3.07,38.81,48.93,42.550000000000004,24.918515204562357,3.58,0
2019-01-29,70.75,84800.0,2.94,1,35.29,32.27,3.05,31.76,42.43,42.537142857142854,24.92285411309994,3.58,1
2019-01-30,93.18,97600.0,3.0,1,70.75,98.64,2.94,35.29,37.45,48.034285714285716,26.47613066968245,3.43,2
2019-01-31,46.87,111200.0,2.82,1,93.18,31.32,3.0,70.75,34.91,47.25428571428572,24.76170218781617,3.43,3
2019-02-01,26.55,13600.0,2.7,2,46.87,29.67,2.82,93.18,37.6,49.47571428571429,23.771672116998833,3.13,4
2019-02-04,24.16,19200.0,2.57,2,26.55,38.81,2.7,46.87,40.09,49.03000000000001,24.229753747545,3.13,0
2019-02-05,25.54,24800.0,2.54,2,24.16,31.76,2.57,26.55,36.56,46.93714285714286,25.83890459125919,3.07,1
2019-02-06,22.58,22400.0,2.58,2,25.54,35.29,2.54,24.16,35.73,46.048571428571435,26.545115952890203,3.05,2
2019-02-07,26.4,10400.0,2.62,2,22.58,70.75,2.58,25.54,30.12,44.23285714285714,27.808297151681106,2.94,3
2019-02-08,30.76,5600.0,2.66,2,26.4,93.18,2.62,22.58,28.12,37.89714285714285,25.734773306614983,3.0,4
2019-02-11,29.98,28800.0,2.76,2,30.76,46.87,2.66,26.4,31.01,28.979999999999997,8.284602183167287,2.82,0
2019-02-12,27.92,27200.0,2.71,2,29.98,26.55,2.76,30.76,25.2,26.56714285714286,2.9439922683658075,2.7,1
2019-02-13,25.98,21600.0,2.61,2,27.92,24.16,2.71,29.98,26.96,26.762857142857143,2.987873905672331,2.57,2
2019-02-14,24.14,7200.0,2.61,2,25.98,25.54,2.61,27.92,28.95,27.022857142857145,2.7966987341383285,2.54,3
2019-02-15,29.43,14400.0,2.59,2,24.14,22.58,2.61,25.98,26.16,26.822857142857142,2.965387632255007,2.58,4
2019-02-19,35.22,29600.0,2.69,2,29.43,26.4,2.59,24.14,30.45,27.801428571428573,2.410162017870991,2.62,1
2019-02-20,26.39,11200.0,2.69,2,35.22,30.76,2.69,29.43,24.89,29.06142857142857,3.577971625430784,2.66,2
2019-02-21,27.12,22400.0,2.73,2,26.39,29.98,2.69,35.22,31.03,28.437142857142856,3.613275126926273,2.76,3
2019-02-22,30.42,6400.0,2.74,2,27.12,27.92,2.73,26.39,36.06,28.02857142857143,3.571192277898415,2.71,4
2019-02-25,35.48,20000.0,2.84,2,30.42,25.98,2.74,27.12,40.57,28.38571428571429,3.681819555342464,2.61,0
2019-02-26,31.74,19200.0,2.74,2,35.48,24.14,2.84,30.42,36.46,29.74285714285714,4.33941898678428,2.61,1
2019-02-27,31.98,21600.0,2.89,2,31.74,29.43,2.74,35.48,36.59,30.82857142857143,3.5899973471282087,2.59,2
2019-02-28,33.56,43200.0,2.89,2,31.98,35.22,2.89,31.74,31.78,31.192857142857143,3.5536212248255143,2.69,3
2019-03-01,42.68,27200.0,3.19,3,33.56,26.39,2.89,31.98,35.38,30.955714285714286,3.285350600991496,2.69,4
2019-03-04,48.88,36800.0,4.25,3,42.68,27.12,3.19,33.56,32.27,33.28285714285715,4.8898729168418535,2.73,0
2019-03-05,45.53,34400.0,3.18,3,48.88,30.42,4.25,42.68,98.64,36.39142857142857,6.8448604285054815,2.74,1
2019-03-06,37.68,20800.0,3.18,3,45.53,35.48,3.18,48.88,31.32,38.550000000000004,7.027946594371579,2.84,2
2019-03-07,34.36,79200.0,2.9,3,37.68,31.74,3.18,45.53,29.67,38.864285714285714,6.916077542323702,2.74,3
2019-03-08,31.46,6400.0,2.9,3,34.36,31.98,2.9,37.68,38.81,39.23857142857143,6.526168933791602,2.89,4
2019-03-11,32.61,41600.0,2.86,3,31.46,33.56,2.9,34.36,31.76,39.16428571428571,6.624776366396647,2.89,0
2019-03-12,33.06,28000.0,2.83,3,32.61,42.68,2.86,31.46,35.29,39.028571428571425,6.766925516982335,3.19,1
2019-03-13,27.27,10400.0,2.87,3,33.06,48.88,2.83,32.61,70.75,37.65428571428571,6.877717298501087,4.25,2
2019-03-14,25.07,17600.0,2.95,3,27.27,45.53,2.87,33.06,93.18,34.567142857142855,5.757915462751833,3.18,3
2019-03-18,34.5,4000.0,2.9,3,25.07,37.68,2.95,27.27,46.87,31.64428571428571,4.264805025410703,3.18,0
2019-03-19,32.13,9600.0,2.92,3,34.5,34.36,2.9,25.07,26.55,31.189999999999998,3.6380397652224556,2.9,1
2019-03-20,32.68,23200.0,2.86,3,32.13,31.46,2.92,34.5,24.16,30.871428571428574,3.404317986379579,2.9,2
2019-03-21,33.53,29600.0,2.86,3,32.68,32.61,2.86,32.13,25.54,31.045714285714286,3.470066556244771,2.86,3
2019-03-22,33.9,6400.0,2.75,3,33.53,33.06,2.86,32.68,22.58,31.177142857142858,3.555557688492341,2.83,4
2019-03-25,33.94,16800.0,2.72,3,33.9,27.27,2.75,33.53,26.4,31.297142857142855,3.64279981280841,2.87,0
2019-03-26,31.96,4000.0,2.74,3,33.94,25.07,2.72,33.9,30.76,32.25,3.266782310879174,2.95,1
2019-03-27,27.12,12800.0,2.69,3,31.96,34.5,2.74,33.94,29.98,33.23428571428572,0.9815949120868981,2.9,2
2019-03-28,25.51,14400.0,2.69,3,27.12,32.13,2.69,31.96,27.92,32.18,2.3728674636410725,2.92,3
2019-03-29,34.25,3200.0,2.73,3,25.51,32.68,2.69,27.12,25.98,31.23428571428571,3.4643126164895124,2.86,4
2019-04-01,31.11,22400.0,2.73,4,34.25,33.53,2.73,25.51,24.14,31.458571428571425,3.620798386045188,2.86,0
2019-04-02,28.35,8800.0,2.76,4,31.11,33.9,2.73,34.25,29.43,31.112857142857145,3.5036919303591265,2.75,1
2019-04-03,28.44,12800.0,2.74,4,28.35,33.94,2.76,31.11,35.22,30.32,3.3941125496964,2.72,2
2019-04-04,31.28,8000.0,2.66,4,28.44,31.96,2.74,28.35,26.39,29.534285714285716,3.033935052826376,2.74,3
2019-04-05,34.03,12800.0,2.62,4,31.28,27.12,2.66,28.44,27.12,29.437142857142856,2.9531323160666485,2.69,4
2019-04-08,34.93,12800.0,2.72,4,34.03,25.51,2.62,31.28,30.42,30.424285714285713,3.1945258236711473,2.69,0
2019-04-09,29.6,32000.0,2.71,4,34.93,34.25,2.72,34.03,35.48,31.770000000000003,2.7296092516463055,2.73,1
2019-04-10,27.57,13600.0,2.72,4,29.6,31.11,2.71,34.93,31.74,31.10571428571429,2.587604150194104,2.73,2
2019-04-11,26.89,12800.0,2.72,4,27.57,28.35,2.72,29.6,31.98,30.599999999999998,2.9121927591890686,2.76,3
2019-04-12,31.05,8000.0,2.75,4,26.89,28.44,2.72,27.57,33.56,30.391428571428573,3.1433073270661196,2.74,4
2019-04-15,29.89,20000.0,2.75,4,31.05,31.28,2.75,26.89,42.68,30.764285714285712,3.0258544641310485,2.66,0
2019-04-16,27.05,19200.0,2.66,4,29.89,34.03,2.75,31.05,48.88,30.565714285714286,3.0319732691381835,2.62,1
2019-04-17,30.61,14400.0,2.55,4,27.05,34.93,2.66,29.89,45.53,29.56857142857143,2.8447637779590145,2.72,2
2019-04-18,25.93,10400.0,2.54,4,30.61,29.6,2.55,27.05,37.68,28.951428571428572,1.7430665369938447,2.71,3
2019-04-22,29.27,15200.0,2.61,4,25.93,27.57,2.54,30.61,34.36,28.427142857142858,2.0418105877375843,2.72,0
2019-04-23,30.19,8800.0,2.53,4,29.27,26.89,2.61,25.93,31.46,28.669999999999998,2.0238906426336696,2.72,1
2019-04-24,27.93,15200.0,2.53,4,30.19,31.05,2.53,29.27,32.61,29.141428571428573,1.921938505534025,2.75,2
2019-04-25,27.25,10400.0,2.54,4,27.93,29.89,2.53,30.19,33.06,28.695714285714285,1.7605572710845554,2.75,3
2019-04-26,28.41,5600.0,2.58,4,27.25,27.05,2.54,27.93,27.27,28.318571428571428,1.7447772405251194,2.66,4
2019-04-29,32.65,35200.0,2.58,4,28.41,30.61,2.58,27.25,25.07,28.512857142857143,1.6532968505980068,2.55,0
2019-04-30,32.81,38400.0,2.59,4,32.65,25.93,2.58,28.41,34.5,28.804285714285715,2.1803582056095014,2.54,1
2019-05-01,38.37,22400.0,2.59,5,32.81,29.27,2.59,32.65,32.13,29.787142857142857,2.2190817491770085,2.61,2
2019-05-02,31.54,30400.0,2.63,5,38.37,30.19,2.59,32.81,32.68,31.087142857142858,3.8968778711763195,2.53,3
2019-05-03,28.57,21600.0,2.59,5,31.54,27.93,2.63,38.37,33.53,31.28,3.8784404082061803,2.53,4
2019-05-06,27.62,30400.0,2.54,5,28.57,27.25,2.59,31.54,33.9,31.37142857142857,3.792907541590506,2.54,0
2019-05-07,25.89,14400.0,2.54,5,27.62,28.41,2.54,28.57,33.94,31.424285714285713,3.727921034316814,2.58,1
2019-05-08,25.14,4800.0,2.64,5,25.89,32.65,2.54,27.62,31.96,31.064285714285717,4.16372372259517,2.58,2
2019-05-09,26.48,23200.0,2.62,5,25.14,32.81,2.64,25.89,27.12,29.99142857142857,4.628626248941214,2.59,3
2019-05-10,25.02,16000.0,2.64,5,26.48,38.37,2.62,25.14,25.51,29.087142857142858,4.604467809587831,2.59,4
2019-05-13,26.4,12800.0,2.71,5,25.02,31.54,2.64,26.48,34.25,27.18,2.313604691098638,2.63,0
2019-05-14,25.7,5600.0,2.7,5,26.4,28.57,2.71,25.02,31.11,26.445714285714285,1.2871914794501016,2.59,1
2019-05-15,27.4,4800.0,2.69,5,25.7,27.62,2.7,26.4,28.35,26.035714285714285,0.8951695769158214,2.54,2
2019-05-16,29.73,10400.0,2.62,5,27.4,25.89,2.69,25.7,28.44,26.004285714285714,0.8319025812972254,2.54,3
2019-05-17,36.58,26400.0,2.61,5,29.73,25.14,2.62,27.4,31.28,26.55285714285714,1.6285854218300937,2.64,4
2019-05-20,26.93,41600.0,2.7,5,36.58,26.48,2.61,29.73,34.03,28.187142857142856,3.9950999749105995,2.62,0
2019-05-21,26.28,16000.0,2.73,5,26.93,25.02,2.7,36.58,34.93,28.25142857142857,3.9665704270046445,2.64,1
2019-05-22,31.66,23200.0,2.73,5,26.28,26.4,2.73,26.93,29.6,28.431428571428572,3.8214239430332495,2.71,2
2019-05-23,27.83,65600.0,2.56,5,31.66,25.7,2.73,26.28,27.57,29.18285714285714,3.8722117464739148,2.7,3
2019-05-24,40.49,55200.0,2.6,5,27.83,27.4,2.56,31.66,26.89,29.487142857142857,3.628956297550376,2.69,4
2019-05-28,35.35,42400.0,2.65,5,40.49,29.73,2.6,27.83,31.05,31.357142857142858,5.342351898698769,2.62,1
2019-05-29,33.09,24000.0,2.69,5,35.35,36.58,2.65,40.49,29.89,32.160000000000004,5.477645479583946,2.61,2
2019-05-30,28.17,20800.0,2.69,5,33.09,26.93,2.69,35.35,27.05,31.66142857142857,5.157778683928523,2.7,3
2019-05-31,24.66,29600.0,2.59,5,28.17,26.28,2.69,33.09,30.61,31.83857142857143,4.986650273719566,2.73,4
2019-06-03,24.02,16800.0,2.5,6,24.66,31.66,2.59,28.17,25.93,31.607142857142858,5.314435417758909,2.73,0
2019-06-04,29.11,32000.0,2.45,6,24.02,27.83,2.5,24.66,29.27,30.51571428571429,6.037145730511661,2.56,1
2019-06-05,31.27,8800.0,2.45,6,29.11,40.49,2.45,24.02,30.19,30.69857142857143,5.961147620415681,2.6,2
2019-06-06,26.59,16000.0,2.4,6,31.27,35.35,2.45,29.11,27.93,29.381428571428575,4.193687433002248,2.65,3
2019-06-07,25.82,8800.0,2.43,6,26.59,33.09,2.4,31.27,27.25,28.130000000000003,3.334861316457824,2.69,4
2019-06-10,23.4,16000.0,2.42,6,25.82,28.17,2.43,26.59,28.41,27.091428571428573,2.5791434532394373,2.69,0
2019-06-11,22.82,9600.0,2.41,6,23.4,24.66,2.42,25.82,32.65,26.41,2.861374960866475,2.59,1
2019-06-12,21.18,20000.0,2.43,6,22.82,24.02,2.41,23.4,32.81,26.147142857142857,3.1216113055382344,2.5,2
2019-06-13,20.75,3200.0,2.43,6,21.18,29.11,2.43,22.82,38.37,25.74142857142857,3.593101856667573,2.45,3
2019-06-14,31.36,23200.0,2.37,6,20.75,31.27,2.43,21.18,31.54,24.547142857142855,3.6752583323531045,2.45,4
2019-06-17,27.5,20800.0,2.46,6,31.36,26.59,2.37,20.75,28.57,24.56,3.702751229379821,2.4,0
2019-06-18,26.65,15200.0,2.44,6,27.5,25.82,2.46,31.36,27.62,24.689999999999998,3.8005832885677466,2.43,1
2019-06-19,29.01,20000.0,2.43,6,26.65,23.4,2.44,27.5,25.89,24.80857142857143,3.854280860600073,2.42,2
2019-06-20,23.81,5600.0,2.38,6,29.01,22.82,2.43,26.65,25.14,25.609999999999996,4.0886998748592065,2.41,3
2019-06-21,30.61,10400.0,2.27,6,23.81,21.18,2.38,29.01,26.48,25.75142857142857,3.992089797635815,2.43,4
2019-06-24,30.77,4800.0,2.31,6,30.61,20.75,2.27,23.81,25.02,27.09857142857143,3.777673131137894,2.43,0
2019-06-25,32.11,24000.0,2.31,6,30.77,31.36,2.31,30.61,26.4,28.529999999999998,2.7220396764203785,2.37,1
2019-06-26,34.82,20800.0,2.34,6,32.11,27.5,2.31,30.77,25.7,28.637142857142855,2.8631027125941344,2.46,2
2019-06-27,35.63,29600.0,2.32,6,34.82,26.65,2.34,32.11,27.4,29.68285714285714,3.6162628697128465,2.44,3
2019-06-28,28.47,14400.0,2.42,6,35.63,29.01,2.32,34.82,29.73,30.965714285714284,3.939424057494754,2.43,4
2019-07-01,32.2,10400.0,2.33,7,28.47,23.81,2.42,35.63,36.58,30.888571428571428,3.98907854260281,2.38,0
2019-07-02,33.85,3200.0,2.3,7,32.2,30.61,2.33,28.47,26.93,32.08714285714286,2.4844228993598407,2.27,1
2019-07-03,29.35,1600.0,2.29,7,33.85,30.77,2.3,32.2,26.28,32.55,2.4650963470027625,2.31,2
2019-07-08,30.26,8000.0,2.39,7,29.35,32.11,2.29,33.85,31.66,32.347142857142856,2.684639729311339,2.31,0
2019-07-09,37.27,22400.0,2.41,7,30.26,34.82,2.39,29.35,27.83,32.082857142857144,2.8004387411374596,2.34,1
2019-07-10,36.63,20000.0,2.49,7,37.27,35.63,2.41,30.26,40.49,32.432857142857145,3.3068550733585007,2.32,2
2019-07-11,32.08,13600.0,2.54,7,36.63,28.47,2.49,37.27,35.35,32.575714285714284,3.4848044284820734,2.42,3
2019-07-12,33.55,15200.0,2.54,7,32.08,32.2,2.54,36.63,33.09,33.09142857142857,3.010821751458217,2.33,4
2019-07-15,34.13,24800.0,2.53,7,33.55,33.85,2.54,32.08,28.17,33.28428571428571,2.9873503150397664,2.3,0
2019-07-16,38.42,36800.0,2.53,7,34.13,29.35,2.53,33.55,24.66,33.324285714285715,2.9980430124946817,2.29,1
2019-07-17,40.23,47200.0,2.44,7,38.42,30.26,2.53,34.13,24.02,34.62,2.9537772427869613,2.39,2
2019-07-18,52.16,42400.0,2.38,7,40.23,37.27,2.44,38.42,29.11,36.044285714285714,2.904340757917573,2.41,3
2019-07-19,32.41,18400.0,2.3,7,52.16,36.63,2.38,40.23,31.27,38.17142857142857,6.796468270534827,2.49,4
2019-07-22,25.03,32800.0,2.33,7,32.41,32.08,2.3,52.16,26.59,37.56857142857143,7.134725943280519,2.54,0
2019-07-23,24.76,16000.0,2.34,7,25.03,33.55,2.33,32.41,25.82,36.56142857142857,8.420380887211707,2.54,1
2019-07-24,28.22,16800.0,2.33,7,24.76,34.13,2.34,25.03,23.4,35.30571428571429,9.527015722220396,2.53,2
2019-07-25,30.77,21600.0,2.26,7,28.22,38.42,2.33,24.76,22.82,34.46142857142857,9.903025511717134,2.53,3
2019-07-26,33.92,9600.0,2.23,7,30.77,40.23,2.26,28.22,21.18,33.36857142857143,9.815086055950836,2.44,4
2019-07-29,34.84,22400.0,2.23,7,33.92,52.16,2.23,30.77,20.75,32.46714285714286,9.359062834646613,2.38,0
2019-07-30,29.34,16000.0,2.22,7,34.84,32.41,2.23,33.92,31.36,29.992857142857144,4.093074289927289,2.3,1
2019-07-31,28.91,14400.0,2.28,7,29.34,25.03,2.22,34.84,27.5,29.55428571428572,3.9529898268823382,2.33,2
2019-08-01,27.94,12000.0,2.36,8,28.91,24.76,2.28,29.34,26.65,30.10857142857143,3.453309661622347,2.34,3
2019-08-02,31.08,4000.0,2.12,8,27.94,28.22,2.36,28.91,29.01,30.562857142857144,2.77497576137109,2.33,4
2019-08-05,32.67,4000.0,2.02,8,31.08,30.77,2.12,27.94,23.81,30.971428571428568,2.575942730805073,2.26,0
2019-08-06,30.66,21600.0,2.15,8,32.67,33.92,2.02,31.08,30.61,31.242857142857144,2.6502120310515394,2.23,1
2019-08-07,28.95,17600.0,2.18,8,30.66,34.84,2.15,32.67,30.77,30.777142857142856,2.3733289860862183,2.23,2
2019-08-08,27.0,800.0,2.13,8,28.95,29.34,2.18,30.66,32.11,29.935714285714287,1.6161565223605483,2.22,3
2019-08-09,31.11,5600.0,2.09,8,27.0,28.91,2.13,28.95,34.82,29.601428571428567,1.9643949753179186,2.28,4
2019-08-12,29.78,15200.0,2.21,8,31.11,27.94,2.09,27.0,35.63,29.915714285714284,2.0107781009935457,2.36,0
2019-08-13,28.02,4000.0,2.24,8,29.78,31.08,2.21,31.11,28.47,30.178571428571427,1.820745530193855,2.12,1
2019-08-14,27.5,800.0,2.22,8,28.02,32.67,2.24,29.78,32.2,29.741428571428575,1.9321786371143177,2.02,2
2019-08-15,29.25,19200.0,2.19,8,27.5,30.66,2.22,28.02,33.85,29.002857142857145,1.5826635174700063,2.15,3
2019-08-16,40.05,41600.0,2.2,8,29.25,28.95,2.19,27.5,29.35,28.801428571428573,1.4177379702849522,2.18,4
2019-08-19,35.52,16800.0,2.26,8,40.05,27.0,2.2,29.25,30.26,30.38714285714286,4.490114008522545,2.13,0
2019-08-20,33.27,19200.0,2.35,8,35.52,31.11,2.26,40.05,37.27,31.604285714285712,4.572930705587141,2.09,1
2019-08-21,30.38,14400.0,2.31,8,33.27,29.78,2.35,35.52,36.63,31.912857142857142,4.6067693462480035,2.21,2
2019-08-22,24.38,9600.0,2.28,8,30.38,28.02,2.31,33.27,32.08,31.99857142857143,4.565871324554316,2.24,3
2019-08-23,24.88,9600.0,2.15,8,24.38,27.5,2.28,30.38,33.55,31.478571428571428,5.250458483382264,2.22,4
2019-08-26,23.46,22400.0,2.23,8,24.88,29.25,2.15,24.38,34.13,31.104285714285712,5.658848107589428,2.19,0
2019-08-27,25.4,4000.0,2.24,8,23.46,40.05,2.23,24.88,38.42,30.277142857142856,6.355351325945491,2.2,1
2019-08-28,25.18,6400.0,2.24,8,25.4,35.52,2.24,23.46,40.23,28.184285714285714,4.82977520920337,2.26,2
2019-08-29,26.63,11200.0,2.36,8,25.18,33.27,2.24,25.4,52.16,26.707142857142856,3.6491949536207096,2.35,3
2019-08-30,32.93,12800.0,2.33,8,26.63,30.38,2.36,25.18,32.41,25.75857142857143,2.255958248517636,2.31,4
2019-09-03,32.11,29600.0,2.39,9,32.93,24.38,2.33,26.63,25.03,26.12285714285714,3.1538057131341444,2.28,1
2019-09-04,25.22,16800.0,2.48,9,32.11,24.88,2.39,32.93,24.76,27.227142857142855,3.740569093448763,2.15,2
2019-09-05,24.91,20000.0,2.49,9,25.22,23.46,2.48,32.11,28.22,27.275714285714287,3.7070691799275686,2.23,3
2019-09-06,29.72,16800.0,2.49,9,24.91,25.4,2.49,25.22,30.77,27.482857142857142,3.4926289729749525,2.24,4
2019-09-09,37.6,44000.0,2.65,9,29.72,25.18,2.49,24.91,33.92,28.1,3.444589961084897,2.24,0
2019-09-10,43.19,26400.0,2.67,9,37.6,26.63,2.65,29.72,34.84,29.874285714285715,4.670442010285024,2.36,1
2019-09-11,41.77,40800.0,2.63,9,43.19,32.93,2.67,37.6,29.34,32.24,6.563596575049868,2.33,2
2019-09-12,29.51,16000.0,2.62,9,41.77,32.11,2.63,43.19,28.91,33.502857142857145,7.5018435829376875,2.39,3
2019-09-13,42.75,12000.0,2.61,9,29.51,25.22,2.62,41.77,27.94,33.13142857142857,7.645293603630964,2.48,4
2019-09-16,30.83,11200.0,2.75,9,42.75,24.91,2.61,29.51,31.08,35.635714285714286,7.491430342159933,2.49,0
2019-09-17,27.31,8000.0,2.7,9,30.83,29.72,2.75,42.75,32.67,36.48142857142857,6.321609575025448,2.49,1
2019-09-18,25.05,5600.0,2.72,9,27.31,37.6,2.7,30.83,30.66,36.137142857142855,6.798834984235389,2.65,2
2019-09-19,26.01,16000.0,2.65,9,25.05,43.19,2.72,27.31,28.95,34.34428571428571,7.912325526550418,2.67,3
2019-09-20,36.32,8800.0,2.34,9,26.01,41.77,2.65,25.05,27.0,31.889999999999997,7.356158417725458,2.63,4
2019-09-23,28.57,26400.0,2.55,9,36.32,29.51,2.34,26.01,31.11,31.11142857142857,6.35669837932561,2.62,0
2019-09-24,30.82,16800.0,2.55,9,28.57,42.75,2.55,36.32,29.78,30.97714285714286,6.405905385621176,2.61,1
2019-09-25,32.33,28800.0,2.54,9,30.82,30.83,2.55,28.57,28.02,29.27285714285714,3.8145804237858996,2.75,2
2019-09-26,29.93,4000.0,2.57,9,32.33,27.31,2.54,30.82,27.5,29.487142857142853,3.9561374861764578,2.7,3
2019-09-27,39.63,19200.0,2.41,9,29.93,25.05,2.57,32.33,29.25,29.861428571428572,3.8380048140130927,2.72,4
2019-09-30,40.81,26400.0,2.37,9,39.63,26.01,2.41,29.93,40.05,31.944285714285716,4.659913651356824,2.65,0
2019-10-01,60.85,20000.0,2.36,10,40.81,36.32,2.37,39.63,35.52,34.05857142857143,4.871387306068001,2.34,1
2019-10-02,41.37,31200.0,2.36,10,60.85,28.57,2.36,40.81,33.27,37.56285714285714,11.32172647948166,2.55,2
2019-10-03,25.95,4800.0,2.31,10,41.37,30.82,2.36,60.85,30.38,39.39142857142857,10.640379737226786,2.55,3
2019-10-04,27.01,18400.0,2.25,10,25.95,32.33,2.31,41.37,24.38,38.69571428571429,11.42453916961646,2.54,4
2019-10-07,24.8,23200.0,2.36,10,27.01,29.93,2.25,25.95,24.88,37.93571428571429,12.076913039822477,2.57,0
2019-10-08,24.44,6400.0,2.29,10,24.8,39.63,2.36,27.01,23.46,37.20285714285715,12.7789341160702,2.41,1
2019-10-09,24.29,17600.0,2.26,10,24.44,40.81,2.29,24.8,25.4,35.03285714285715,13.563702437370477,2.37,2
2019-10-10,23.51,9600.0,2.26,10,24.29,60.85,2.26,24.44,25.18,32.67285714285715,13.825643703261347,2.36,3
2019-10-14,26.28,13600.0,2.13,10,23.51,41.37,2.26,24.29,26.63,27.33857142857143,6.294374283362461,2.36,0
2019-10-15,25.82,30400.0,2.29,10,26.28,25.95,2.13,23.51,32.93,25.18285714285714,1.2533118032628137,2.31,1
2019-10-17,24.99,12800.0,2.29,10,25.82,27.01,2.29,26.28,32.11,25.164285714285715,1.2409520154983098,2.25,3
2019-10-18,27.75,4800.0,2.08,10,24.99,24.8,2.29,25.82,25.22,24.875714285714285,0.9381339126706231,2.36,4
2019-10-21,30.82,11200.0,2.13,10,27.75,24.44,2.08,24.99,24.91,25.297142857142855,1.4313829476644382,2.29,0
2019-10-22,30.74,12800.0,2.21,10,30.82,24.29,2.13,27.75,29.72,26.208571428571428,2.457827147242366,2.26,1
2019-10-23,30.38,1600.0,2.34,10,30.74,23.51,2.21,30.82,37.6,27.13,2.8034264748709075,2.26,2
2019-10-24,29.88,3200.0,2.33,10,30.38,26.28,2.34,30.74,43.19,28.11142857142857,2.5123324393322766,2.13,3
2019-10-25,31.5,1600.0,2.26,10,29.88,25.82,2.33,30.38,41.77,28.625714285714285,2.4424431562342406,2.29,4
2019-10-28,26.81,13600.0,2.49,10,31.5,24.99,2.26,29.88,29.51,29.437142857142856,2.2939682814278988,2.29,0
2019-10-29,29.36,12000.0,2.61,10,26.81,27.75,2.49,31.5,42.75,29.697142857142858,1.7428588992984753,2.08,1
2019-10-30,33.41,22400.0,2.71,10,29.36,30.82,2.61,26.81,30.83,29.927142857142854,1.5371696315622403,2.13,2
2019-10-31,31.56,45600.0,2.73,10,33.41,30.74,2.71,29.36,27.31,30.297142857142855,2.0228751344387206,2.21,3
2019-11-01,31.42,8800.0,2.54,11,31.56,30.38,2.73,33.41,25.05,30.414285714285715,2.0758440624081613,2.34,4
2019-11-04,30.82,23200.0,2.77,11,31.42,29.88,2.54,31.56,26.01,30.562857142857137,2.1099187526688725,2.33,0
2019-11-05,32.78,17600.0,2.77,11,30.82,31.5,2.77,31.42,36.32,30.697142857142858,2.0890246072103644,2.26,1
2019-11-06,34.12,12000.0,2.82,11,32.78,26.81,2.77,30.82,28.57,30.879999999999995,2.2227535475935967,2.49,2
2019-11-07,38.92,28800.0,2.84,11,34.12,29.36,2.82,32.78,30.82,31.92428571428571,1.6300701124292227,2.61,3
2019-11-08,32.05,40000.0,2.87,11,38.92,33.41,2.84,34.12,32.33,33.29,2.746239853570625,2.71,4
2019-11-12,55.32,30400.0,2.72,11,32.05,31.56,2.87,38.92,29.93,33.09571428571429,2.784180652322727,2.73,1
2019-11-13,44.15,59200.0,2.66,11,55.32,31.42,2.72,32.05,39.63,36.49,8.731382097545564,2.54,2
2019-11-14,31.13,17600.0,2.68,11,44.15,30.82,2.66,55.32,40.81,38.30857142857143,8.824610338085938,2.77,3
2019-11-15,29.44,14400.0,2.7,11,31.13,32.78,2.68,44.15,60.85,38.35285714285714,8.781438216081847,2.77,4
2019-11-18,35.1,64800.0,2.64,11,29.44,34.12,2.7,31.13,41.37,37.87571428571429,9.214757832128177,2.82,0
2019-11-19,41.51,64000.0,2.53,11,35.1,38.92,2.64,29.44,25.95,38.01571428571429,9.155440745158087,2.84,1
2019-11-20,30.62,36000.0,2.56,11,41.51,32.05,2.53,35.1,27.01,38.385714285714286,9.2499240666127,2.87,2
2019-11-21,27.0,29600.0,2.53,11,30.62,55.32,2.56,41.51,24.8,38.18142857142857,9.427260875729134,2.72,3
2019-11-22,29.92,7200.0,2.62,11,27.0,44.15,2.53,30.62,24.44,34.135714285714286,6.45443738096265,2.66,4
2019-11-25,24.34,8800.0,2.51,11,29.92,31.13,2.62,27.0,24.29,32.10285714285714,4.804812567575363,2.68,0
2019-11-26,23.15,22400.0,2.51,11,24.34,29.44,2.51,29.92,23.51,31.132857142857144,5.645743866801812,2.7,1
2019-11-27,23.4,1600.0,2.46,11,23.15,35.1,2.51,24.34,26.28,30.234285714285715,6.4090401183095915,2.64,2
2019-11-29,31.7,6400.0,2.46,11,23.4,41.51,2.46,23.15,25.82,28.562857142857144,6.454085822913312,2.53,4
2019-12-02,28.54,36800.0,2.29,12,31.7,30.62,2.46,23.4,24.99,27.16142857142857,3.614703439064944,2.56,0
2019-12-03,25.34,15200.0,2.42,12,28.54,27.0,2.29,31.7,27.75,26.86428571428571,3.359493300797347,2.53,1
2019-12-04,24.74,7200.0,2.43,12,25.34,29.92,2.42,28.54,30.82,26.627142857142854,3.4065755742188064,2.62,2
2019-12-05,24.13,14400.0,2.42,12,24.74,24.34,2.43,25.34,30.74,25.88714285714286,3.122865747386144,2.51,3
2019-12-06,23.91,24800.0,2.31,12,24.13,23.15,2.42,24.74,30.38,25.857142857142858,3.141160689330876,2.51,4
2019-12-09,27.2,9600.0,2.17,12,23.91,23.4,2.31,24.13,29.88,25.965714285714284,3.0436154878864663,2.46,0
2019-12-10,34.21,27200.0,2.18,12,27.2,31.7,2.17,23.91,31.5,26.50857142857143,2.8419267441393834,2.46,1
2019-12-11,32.34,20000.0,2.28,12,34.21,28.54,2.18,27.2,26.81,26.867142857142856,3.649665346694701,2.29,2
2019-12-12,28.05,32800.0,2.28,12,32.34,25.34,2.28,34.21,29.36,27.41,4.183523236062351,2.42,3
2019-12-13,28.82,29600.0,2.28,12,28.05,24.74,2.28,32.34,33.41,27.79714285714286,4.08425315198883,2.43,4
2019-12-16,28.4,16800.0,2.34,12,28.82,24.13,2.28,28.05,31.56,28.38,3.8602417886284623,2.42,0
2019-12-17,38.69,23200.0,2.3,12,28.4,23.91,2.34,28.82,31.42,28.990000000000002,3.3848190498173922,2.31,1
2019-12-18,41.67,32000.0,2.26,12,38.69,27.2,2.3,28.4,30.82,31.101428571428574,4.199577076213036,2.17,2
2019-12-19,31.22,8800.0,2.21,12,41.67,34.21,2.26,38.69,32.78,33.16857142857143,5.3600479741995235,2.18,3
2019-12-20,23.27,2400.0,2.27,12,31.22,32.34,2.21,41.67,34.12,32.74142857142857,5.382314956012931,2.28,4
2019-12-23,21.75,800.0,2.17,12,23.27,28.05,2.27,31.22,38.92,31.445714285714285,6.475731251225734,2.28,0
2019-12-26,20.13,3200.0,2.09,12,21.75,28.82,2.17,23.27,32.05,30.545714285714286,7.398384637074618,2.28,3
2019-12-27,21.21,4800.0,1.75,12,20.13,28.4,2.09,21.75,55.32,29.304285714285715,8.397793077436193,2.34,4
2019-12-30,21.0,5600.0,2.06,12,21.21,38.69,1.75,20.13,44.15,28.277142857142856,8.948483510789075,2.3,0
2019-12-31,23.33,2400.0,2.09,12,21.0,41.67,2.06,21.21,31.13,25.75,7.961115918429641,2.26,1
2019-12-31,23.33,2400.0,2.09,12,23.33,31.22,2.09,21.0,29.44,23.129999999999995,3.7557822088091726,2.21,1
2020-01-02,21.55,12000.0,2.05,1,23.33,23.27,2.09,23.33,35.1,22.002857142857145,1.3123860494781288,2.27,3
2020-01-03,26.0,800.0,2.06,1,21.55,21.75,2.05,23.33,41.51,21.75714285714286,1.191003978246159,2.17,4
2020-01-06,26.92,12000.0,2.1,1,26.0,20.13,2.06,21.55,30.62,22.364285714285717,1.9971801549775592,2.09,0
2020-01-08,25.87,10400.0,2.09,1,26.92,21.21,2.1,26.0,27.0,23.334285714285716,2.349062629667996,1.75,2
2020-01-09,21.81,7200.0,2.05,1,25.87,21.0,2.09,26.92,29.92,24.0,2.3066425817641085,2.06,3
2020-01-10,21.77,15200.0,2.05,1,21.81,23.33,2.05,25.87,24.34,24.115714285714287,2.1457699250935427,2.09,4
2020-01-13,23.91,18400.0,2.03,1,21.77,23.33,2.05,21.81,23.15,23.892857142857142,2.3152877019637432,2.09,0
2020-01-14,22.04,4800.0,2.15,1,23.91,21.55,2.03,21.77,23.4,23.975714285714286,2.3021284147724326,2.05,1
2020-01-15,25.0,1600.0,2.01,1,22.04,26.0,2.15,23.91,31.7,24.045714285714286,2.2221375380706356,2.06,2
2020-01-16,27.45,12800.0,2.06,1,25.0,26.92,2.01,22.04,28.54,23.90285714285714,2.104595877961186,2.1,3
2020-01-17,31.25,19200.0,2.07,1,27.45,25.87,2.06,25.0,25.34,23.978571428571428,2.236622666519399,2.09,4
2020-01-21,25.49,13600.0,1.98,1,31.25,21.81,2.07,27.45,24.74,24.747142857142855,3.5396831980933596,2.05,1
2020-01-22,24.79,43200.0,1.89,1,25.49,21.77,1.98,31.25,24.13,25.27285714285714,3.295616858222098,2.05,2
2020-01-23,21.33,8000.0,1.95,1,24.79,23.91,1.89,25.49,23.91,25.70428571428571,2.9390126297963395,2.03,3
2020-01-24,23.29,5600.0,1.91,1,21.33,22.04,1.95,24.79,27.2,25.335714285714285,3.3364345097877233,2.15,4
2020-01-27,23.92,4000.0,2.03,1,23.29,25.0,1.91,21.33,34.21,25.514285714285712,3.1593979233554013,2.01,0
2020-01-28,25.88,3200.0,1.96,1,23.92,27.45,2.03,23.29,32.34,25.359999999999996,3.214586546769875,2.06,1
2020-01-29,25.7,8800.0,1.93,1,25.88,31.25,1.96,23.92,28.05,25.135714285714283,3.0970838818856365,2.07,2
2020-01-30,24.69,14400.0,1.94,1,25.7,25.49,1.93,25.88,28.82,24.342857142857145,1.6373323251143859,1.98,3
2020-01-31,20.98,12000.0,1.91,1,24.69,24.79,1.94,25.7,28.4,24.228571428571428,1.5704715700668723,1.89,4
2020-02-03,19.25,20000.0,1.9,2,20.98,21.33,1.91,24.69,38.69,23.684285714285714,1.9562963063152443,1.95,0
2020-02-04,22.75,24000.0,1.89,2,19.25,23.29,1.9,20.98,41.67,23.387142857142855,2.4652499148898914,1.91,1
2020-02-05,21.37,18400.0,1.89,2,22.75,23.92,1.89,19.25,31.22,23.31,2.477216179506238,2.03,2
2020-02-06,22.98,6400.0,1.86,2,21.37,25.88,1.89,22.75,23.27,22.945714285714285,2.558716195953765,1.96,3
2020-02-07,22.69,4000.0,1.93,2,22.98,25.7,1.86,21.37,21.75,22.531428571428574,2.216298931188785,1.93,4
2020-02-10,21.14,8800.0,1.85,2,22.69,24.69,1.93,22.98,20.13,22.101428571428574,1.7398700006193804,1.94,0
2020-02-11,22.66,3200.0,1.85,2,21.14,20.98,1.85,22.69,21.21,21.594285714285714,1.328292853541583,1.91,1
2020-02-12,20.52,30400.0,1.91,2,22.66,19.25,1.85,21.14,21.0,21.834285714285716,1.350393240789366,1.9,2
2020-02-13,28.67,12800.0,1.95,2,20.52,22.75,1.91,22.66,23.33,22.01571428571429,0.9797764565295389,1.89,3
2020-02-18,22.58,10400.0,2.04,2,28.67,21.37,1.95,20.52,23.33,22.861428571428576,2.723156431861474,1.89,1
2020-02-19,26.7,33600.0,2.01,2,22.58,22.98,2.04,28.67,21.55,23.034285714285716,2.650131173754005,1.86,2
2020-02-20,25.29,5600.0,1.98,2,26.7,22.69,2.01,22.58,26.0,23.565714285714282,2.988778218286313,1.93,3
2020-02-21,20.0,2400.0,1.96,2,25.29,21.14,1.98,26.7,26.92,23.937142857142856,3.023170048618596,1.85,4
2020-02-24,19.91,6400.0,1.94,2,20.0,22.66,1.96,25.29,25.87,23.774285714285718,3.223061986905622,1.85,0
2020-02-25,20.08,7200.0,1.93,2,19.91,20.52,1.94,20.0,21.81,23.381428571428575,3.5341072827125353,1.91,1
2020-02-26,23.0,1600.0,1.96,2,20.08,28.67,1.93,19.91,21.77,23.318571428571428,3.596838558936879,1.95,2
2020-02-27,22.86,7200.0,1.78,2,23.0,22.58,1.96,20.08,23.91,22.50857142857143,2.72318703343256,2.04,3
2020-02-28,21.25,2400.0,1.79,2,22.86,26.7,1.78,23.0,22.04,22.548571428571428,2.7264655298979825,2.01,4
2020-03-02,20.39,15200.0,1.75,3,21.25,25.29,1.79,22.86,25.0,21.770000000000003,2.0334863330434194,1.98,0
2020-03-03,20.57,11200.0,1.78,3,20.39,20.0,1.75,21.25,27.45,21.07,1.3474914965747034,1.96,1
2020-03-04,20.23,8000.0,1.83,3,20.57,19.91,1.78,20.39,31.25,21.15142857142857,1.2879625844935902,1.94,2
2020-03-05,23.84,23200.0,1.89,3,20.23,20.08,1.83,20.57,25.49,21.197142857142858,1.2413932265261183,1.93,3
2020-03-06,21.25,800.0,1.76,3,23.84,23.0,1.89,20.23,24.79,21.73428571428571,1.469884997123794,1.96,4
2020-03-09,19.39,15200.0,1.74,3,21.25,22.86,1.76,23.84,21.33,21.48428571428571,1.3637186555284473,1.78,0
2020-03-10,23.01,20000.0,1.91,3,19.39,21.25,1.74,21.25,23.29,20.98857142857143,1.4101823590309506,1.79,1
2020-03-11,24.39,16800.0,1.96,3,23.01,20.39,1.91,19.39,23.92,21.240000000000002,1.607638018960667,1.75,2
2020-03-12,22.53,15200.0,1.82,3,24.39,20.57,1.96,23.01,25.88,21.81142857142857,1.9331013818185148,1.78,3
2020-03-13,25.87,7200.0,1.94,3,22.53,20.23,1.82,24.39,25.7,22.091428571428573,1.8640317287326271,1.83,4
2020-03-17,22.5,1600.0,1.89,3,25.87,23.84,1.94,22.53,24.69,22.89714285714286,2.125877969890251,1.89,1
2020-03-18,18.61,7200.0,1.73,3,22.5,21.25,1.89,25.87,20.98,22.705714285714286,2.086798641804271,1.76,2
2020-03-19,18.3,1600.0,1.68,3,18.61,19.39,1.73,22.5,19.25,22.32857142857143,2.57515325480289,1.74,3
2020-03-20,21.55,11200.0,1.76,3,18.3,23.01,1.68,18.61,22.75,22.172857142857143,2.8051423866769163,1.91,4
2020-03-23,18.6,8800.0,1.7,3,21.55,24.39,1.76,18.3,21.37,21.964285714285715,2.7867415688284147,1.96,0
2020-03-24,23.7,13600.0,1.73,3,18.6,22.53,1.7,21.55,22.98,21.137142857142855,2.8059681293387735,1.82,1
2020-03-25,20.17,4800.0,1.8,3,23.7,25.87,1.73,18.6,22.69,21.304285714285715,2.9346598732112623,1.94,2
2020-03-26,18.71,10400.0,1.73,3,20.17,22.5,1.8,23.7,21.14,20.490000000000002,2.1398130759502987,1.89,3
2020-03-27,18.3,4000.0,1.7,3,18.71,18.61,1.73,20.17,22.66,19.94857142857143,2.02274919001893,1.73,4
2020-03-30,20.36,10400.0,1.65,3,18.3,18.3,1.7,18.71,20.52,19.904285714285717,2.0599907535641666,1.68,0
2020-03-31,21.48,7200.0,1.71,3,20.36,21.55,1.65,18.3,28.67,20.19857142857143,1.9360219400587562,1.76,1
2020-04-01,18.88,10400.0,1.69,4,21.48,18.6,1.71,20.36,22.58,20.18857142857143,1.928042431860756,1.7,2
2020-04-02,16.13,4800.0,1.55,4,18.88,23.7,1.69,21.48,26.7,20.228571428571428,1.8921630353616115,1.73,3
2020-04-03,18.1,4000.0,1.5,4,16.13,20.17,1.55,18.88,25.29,19.147142857142857,1.7341060548685796,1.8,4
2020-04-06,17.12,8000.0,1.64,4,18.1,18.71,1.5,16.13,20.0,18.851428571428574,1.7068921912027863,1.73,0
2020-04-07,18.58,20000.0,1.83,4,17.12,18.3,1.64,18.1,19.91,18.624285714285715,1.8301899459081736,1.7,1
2020-04-08,17.49,21600.0,1.86,4,18.58,20.36,1.83,17.12,20.08,18.66428571428571,1.8249735810243095,1.65,2
2020-04-09,18.5,24800.0,1.74,4,17.49,21.48,1.86,18.58,23.0,18.254285714285714,1.6985273733747754,1.71,3
2020-04-13,22.48,11200.0,1.86,4,18.5,18.88,1.74,17.49,22.86,17.82857142857143,0.974378923069725,1.69,0
2020-04-14,24.4,11200.0,1.76,4,22.48,16.13,1.86,18.5,21.25,18.342857142857138,2.0155786124250543,1.55,1
2020-04-15,21.9,16000.0,1.68,4,24.4,18.1,1.76,22.48,20.39,19.524285714285714,2.780802385062613,1.5,2
2020-04-16,20.17,4000.0,1.59,4,21.9,17.12,1.68,24.4,20.57,20.06714285714286,2.8269460216869646,1.64,3
2020-04-17,19.63,4000.0,1.71,4,20.17,18.58,1.59,21.9,20.23,20.502857142857142,2.5148142031168765,1.83,4
2020-04-20,20.27,2400.0,1.78,4,19.63,17.49,1.71,20.17,23.84,20.65285714285714,2.410143248066046,1.86,0
2020-04-21,20.34,11200.0,1.92,4,20.27,18.5,1.78,19.63,21.25,21.05,1.9954782217155764,1.74,1
2020-04-22,20.33,13600.0,1.9,4,20.34,22.48,1.92,20.27,19.39,21.312857142857144,1.703405552473712,1.86,2
2020-04-23,21.1,8800.0,1.86,4,20.33,24.4,1.9,20.34,23.01,21.005714285714284,1.6509073984033964,1.76,3
2020-04-24,21.0,3200.0,1.81,4,21.1,21.9,1.86,20.33,24.39,20.534285714285712,0.7399292115487329,1.68,4
2020-04-27,21.22,4000.0,1.68,4,21.0,20.17,1.81,21.1,22.53,20.405714285714286,0.5034831060752154,1.59,0
2020-04-28,19.67,4800.0,1.8,4,21.22,19.63,1.68,21.0,25.87,20.555714285714284,0.5731450410699968,1.71,1
2020-04-29,19.08,4000.0,1.73,4,19.67,20.27,1.8,21.22,22.5,20.56142857142857,0.5624775127850369,1.78,2
2020-04-30,19.09,12000.0,1.63,4,19.08,20.34,1.73,19.67,18.61,20.39142857142857,0.7964175741336098,1.92,3
2020-05-01,20.69,17600.0,1.69,5,19.09,20.33,1.63,19.08,18.3,20.212857142857143,0.937509365036821,1.9,4
2020-05-04,20.1,2400.0,1.78,5,20.69,21.1,1.69,19.09,21.55,20.264285714285712,0.954722597461255,1.86,0
2020-05-05,23.15,12800.0,1.93,5,20.1,21.0,1.78,20.69,18.6,20.12142857142857,0.8807842825510102,1.81,1
2020-05-06,20.52,11200.0,1.9,5,23.15,21.22,1.93,20.1,23.7,20.428571428571427,1.4372824887226785,1.68,2
2020-05-07,20.62,8000.0,1.84,5,20.52,19.67,1.9,23.15,20.17,20.32857142857143,1.3968229256860738,1.8,3
2020-05-08,21.32,2400.0,1.74,5,20.62,19.08,1.84,20.52,18.71,20.464285714285715,1.3680260370706177,1.73,4
2020-05-11,19.66,8800.0,1.7,5,21.32,19.09,1.74,20.62,18.3,20.784285714285716,1.2468741869583704,1.63,0
2020-05-12,18.3,4000.0,1.61,5,19.66,20.69,1.7,21.32,20.36,20.865714285714287,1.1310151361069782,1.69,1
2020-05-13,18.39,16800.0,1.56,5,18.3,20.1,1.61,19.66,21.48,20.524285714285714,1.4950569347363092,1.78,2
2020-05-14,22.33,33600.0,1.6,5,18.39,23.15,1.56,18.3,18.88,20.28,1.701401383176406,1.93,3
2020-05-15,18.9,6400.0,1.66,5,22.33,20.52,1.6,18.39,16.13,20.162857142857142,1.4853811439711628,1.9,4
2020-05-18,16.19,32800.0,1.77,5,18.9,20.62,1.66,22.33,18.1,19.931428571428572,1.5454495416293126,1.84,0
2020-05-19,15.63,3200.0,1.85,5,16.19,21.32,1.77,18.9,17.12,19.298571428571428,2.0433259535348247,1.74,1
2020-05-20,17.85,9600.0,1.83,5,15.63,19.66,1.85,16.19,18.58,18.485714285714288,2.2285335772139625,1.7,2
2020-05-21,19.78,13600.0,1.75,5,17.85,18.3,1.83,15.63,17.49,18.22714285714286,2.1739113312641494,1.61,3
2020-05-22,21.79,28000.0,1.7,5,19.78,18.39,1.75,17.85,18.5,18.43857142857143,2.2527200489754113,1.56,4
2020-05-26,27.38,29600.0,1.79,5,21.79,22.33,1.7,19.78,22.48,18.924285714285713,2.582852797090199,1.6,1
2020-05-27,25.98,24000.0,1.78,5,27.38,18.9,1.79,21.79,24.4,19.645714285714288,4.005907542380782,1.66,2
2020-05-28,26.66,32800.0,1.79,5,25.98,16.19,1.78,27.38,21.9,20.657142857142862,4.6312335084221,1.77,3
2020-05-29,16.2,16000.0,1.7,5,26.66,15.63,1.79,25.98,20.17,22.152857142857147,4.638763176702542,1.85,4
2020-06-01,20.22,24800.0,1.59,6,16.2,17.85,1.7,26.66,19.63,22.234285714285715,4.508347284549282,1.83,0
2020-06-02,29.28,7200.0,1.58,6,20.22,19.78,1.59,16.2,20.27,22.572857142857142,4.202859004241209,1.75,1
2020-06-03,28.09,25600.0,1.84,6,29.28,21.79,1.58,20.22,20.34,23.93,4.659703137898461,1.7,2
2020-06-04,31.09,16000.0,1.68,6,28.09,27.38,1.84,29.28,20.33,24.830000000000002,4.78422755869123,1.79,3
2020-06-05,20.39,20800.0,1.8,6,31.09,25.98,1.68,28.09,21.1,25.360000000000003,5.292318332577943,1.78,4
2020-06-08,29.24,34400.0,1.68,6,20.39,26.66,1.8,31.09,21.0,24.56142857142857,5.5961934341468496,1.79,0
2020-06-09,30.42,17600.0,1.68,6,29.24,16.2,1.68,20.39,21.22,24.93,5.837213947310306,1.7,1
2020-06-10,24.51,9600.0,1.72,6,30.42,20.22,1.68,29.24,19.67,26.96142857142857,4.645404282986357,1.59,2
2020-06-11,20.22,24000.0,1.77,6,24.51,29.28,1.72,30.42,19.08,27.574285714285715,3.8168960213899186,1.58,3
2020-06-12,18.73,8000.0,1.67,6,20.22,28.09,1.77,24.51,19.09,26.28,4.598224294950584,1.84,4
2020-06-15,19.0,800.0,1.64,6,18.73,31.09,1.67,20.22,20.69,24.942857142857143,5.292648090467675,1.68,0
2020-06-16,21.35,10400.0,1.43,6,19.0,20.39,1.64,18.73,20.1,23.215714285714284,4.911241720593968,1.8,1
2020-06-17,20.95,8800.0,1.55,6,21.35,29.24,1.43,19.0,23.15,23.352857142857143,4.831948241603106,1.68,2
2020-06-18,23.54,12800.0,1.51,6,20.95,30.42,1.55,21.35,20.52,22.16857142857143,4.11063429238384,1.68,3
2020-06-19,29.17,8800.0,1.49,6,23.54,24.51,1.51,20.95,20.62,21.185714285714287,2.176257162677028,1.72,4
2020-06-22,25.5,18400.0,1.64,6,29.17,20.22,1.49,23.54,21.32,21.851428571428574,3.6058352179564945,1.77,0
2020-06-23,20.7,4800.0,1.61,6,25.5,18.73,1.64,29.17,19.66,22.60571428571429,3.7567754663766557,1.67,1
2020-06-24,20.25,3200.0,1.64,6,20.7,19.0,1.61,25.5,18.3,22.887142857142855,3.4817702120518246,1.64,2
2020-06-25,23.75,12000.0,1.53,6,20.25,21.35,1.64,20.7,18.39,23.065714285714282,3.27510232482938,1.43,3
2020-06-29,25.85,12800.0,1.67,6,23.75,20.95,1.53,20.25,22.33,23.408571428571427,3.1900753834962075,1.55,0
2020-06-30,24.78,20000.0,1.76,6,25.85,23.54,1.67,23.75,18.9,24.10857142857143,3.096920129051073,1.51,1
2020-07-01,29.58,9600.0,1.69,7,24.78,29.17,1.76,25.85,16.19,24.28571428571429,3.094440483313471,1.49,2
2020-07-02,28.55,32800.0,1.58,7,29.58,25.5,1.69,24.78,15.63,24.344285714285714,3.2042308340852457,1.64,3
2020-07-06,33.47,15200.0,1.71,7,28.55,20.7,1.58,29.58,17.85,24.78,3.5736535926146136,1.61,0
2020-07-07,35.66,5600.0,1.76,7,33.47,20.25,1.71,28.55,19.78,26.604285714285716,4.324341403200683,1.64,1
2020-07-08,39.08,2400.0,1.78,7,35.66,23.75,1.76,33.47,21.79,28.805714285714288,4.470357394896074,1.53,2
2020-07-09,33.49,36000.0,1.88,7,39.08,25.85,1.78,35.66,27.38,30.995714285714286,5.265177607460332,1.67,3
2020-07-10,29.16,43200.0,1.79,7,33.49,24.78,1.88,39.08,25.98,32.08714285714286,4.791261887665588,1.76,4
2020-07-13,29.52,26400.0,1.75,7,29.16,29.58,1.79,33.49,26.66,32.71285714285714,3.8766468082863477,1.69,0
2020-07-14,32.12,8000.0,1.74,7,29.52,28.55,1.75,29.16,16.2,32.70428571428572,3.8847859535331097,1.58,1
2020-07-15,33.32,25600.0,1.76,7,32.12,33.47,1.74,29.52,20.22,33.214285714285715,3.459575393710635,1.71,2
2020-07-16,33.9,19200.0,1.79,7,33.32,35.66,1.76,32.12,29.28,33.19285714285714,3.458191792858902,1.76,3
2020-07-17,51.91,24000.0,1.79,7,33.9,39.08,1.79,33.32,28.09,32.94142857142857,3.309715136642504,1.78,4
2020-07-20,36.53,23200.0,1.71,7,51.91,33.49,1.79,33.9,31.09,34.77428571428572,7.792457586544905,1.88,0
2020-07-21,30.98,16000.0,1.66,7,36.53,29.16,1.71,51.91,20.39,35.208571428571425,7.7936650098474365,1.79,1
2020-07-22,27.02,26400.0,1.69,7,30.98,29.52,1.66,36.53,29.24,35.46857142857143,7.585838623320005,1.75,2
2020-07-23,27.25,4800.0,1.75,7,27.02,32.12,1.69,30.98,30.42,35.11142857142857,7.962094424148309,1.74,3
2020-07-24,41.0,8800.0,1.77,7,27.25,33.32,1.75,27.02,24.51,34.41571428571428,8.463992078491565,1.76,4
2020-07-27,32.58,11200.0,1.85,7,41.0,33.9,1.77,27.25,20.22,35.512857142857136,8.789777612442558,1.79,0
2020-07-28,30.25,4000.0,1.83,7,32.58,51.91,1.85,41.0,18.73,35.324285714285715,8.844137148686007,1.79,1
2020-07-29,29.89,11200.0,1.77,7,30.25,36.53,1.83,32.58,19.0,32.230000000000004,5.048973493031992,1.71,2
2020-07-30,24.7,16000.0,1.81,7,29.89,30.98,1.77,30.25,21.35,31.281428571428567,4.719461228331126,1.66,3
2020-07-31,26.0,800.0,1.83,7,24.7,27.02,1.81,29.89,20.95,30.384285714285713,5.342130839353195,1.69,4
2020-08-03,23.36,7200.0,1.95,8,26.0,27.25,1.83,24.7,23.54,30.23857142857143,5.461762318066779,1.75,0
2020-08-05,24.88,16000.0,2.23,8,23.36,41.0,1.95,26.0,29.17,29.68285714285714,5.988969622803558,1.77,2
2020-08-06,27.8,4000.0,2.26,8,24.88,32.58,2.23,23.36,25.5,27.379999999999995,3.48984717908109,1.85,3
2020-08-07,34.5,800.0,2.15,8,27.8,30.25,2.26,24.88,20.7,26.697142857142858,2.6753985016935573,1.83,4
2020-08-10,36.27,14400.0,2.18,8,34.5,29.89,2.15,27.8,20.25,27.304285714285715,3.843348614351226,1.77,0
2020-08-11,32.0,6400.0,2.19,8,36.27,24.7,2.18,34.5,23.75,28.215714285714288,5.107366761659286,1.81,1
2020-08-12,28.1,8000.0,2.05,8,32.0,26.0,2.19,36.27,25.85,29.25857142857143,5.014294329120929,1.83,2
2020-08-13,27.78,8000.0,2.19,8,28.1,23.36,2.05,32.0,24.78,29.55857142857143,4.846869878494188,1.95,3
2020-08-14,27.0,5600.0,2.23,8,27.78,24.88,2.19,28.1,29.58,30.19,4.141316215891582,2.23,4
2020-08-18,25.06,12800.0,2.45,8,27.0,27.8,2.23,27.78,28.55,30.49285714285714,3.747019768144235,2.26,1
2020-08-19,24.85,2400.0,2.43,8,25.06,34.5,2.45,27.0,33.47,30.101428571428574,4.191914552928555,2.15,2
2020-08-20,29.75,4000.0,2.35,8,24.85,36.27,2.43,25.06,35.66,28.722857142857144,4.089819532635953,2.18,3
2020-08-21,36.0,800.0,2.39,8,29.75,32.0,2.35,24.85,39.08,27.791428571428572,2.529245134894564,2.19,4
2020-08-24,40.69,7200.0,2.57,8,36.0,28.1,2.39,29.75,33.49,28.36285714285714,3.7807702666957432,2.05,0
2020-08-25,34.11,7200.0,2.54,8,40.69,27.78,2.57,36.0,29.16,30.16142857142857,5.98624375428539,2.19,1
2020-08-26,38.88,18400.0,2.52,8,34.11,27.0,2.54,40.69,29.52,31.065714285714282,6.044371644053252,2.23,2
2020-08-27,29.85,8800.0,2.52,8,38.88,25.06,2.52,34.11,32.12,32.76285714285714,6.371519217805387,2.45,3
2020-08-28,24.9,12000.0,2.46,8,29.85,24.85,2.52,38.88,33.32,33.44714285714286,5.619171689510528,2.43,4
2020-08-31,24.59,11200.0,2.3,8,24.9,29.75,2.46,29.85,33.9,33.45428571428572,5.606439324987656,2.35,0
2020-09-01,29.3,8800.0,2.22,9,24.59,36.0,2.3,24.9,51.91,32.71714285714286,6.450363592557921,2.39,1
2020-09-02,28.15,19200.0,2.15,9,29.3,40.69,2.22,24.59,36.53,31.759999999999998,6.378740732569377,2.57,2
2020-09-03,24.03,3200.0,2.32,9,28.15,34.11,2.15,29.3,30.98,29.96857142857143,5.081874419842965,2.54,3
2020-09-04,28.91,16800.0,1.8,9,24.03,38.88,2.32,28.15,27.02,28.528571428571432,5.14056880306591,2.52,4
2020-09-08,31.46,18400.0,2.35,9,28.91,29.85,1.8,24.03,27.25,27.104285714285712,2.4948604312537475,2.52,1
2020-09-09,26.66,18400.0,2.21,9,31.46,24.9,2.35,28.91,41.0,27.334285714285716,2.8404510037613626,2.46,2
2020-09-10,26.02,7200.0,2.13,9,26.66,24.59,2.21,31.46,32.58,27.585714285714285,2.661308306974014,2.3,3
2020-09-11,29.01,15200.0,1.93,9,26.02,29.3,2.13,26.66,30.25,27.79,2.4385924902164966,2.22,4
2020-09-14,22.31,22400.0,2.18,9,29.01,28.15,1.93,26.02,29.89,27.74857142857143,2.4109709563551194,2.15,0
2020-09-15,20.95,22400.0,2.19,9,22.31,24.03,2.18,29.01,24.7,26.914285714285715,3.146992517431364,2.32,1
2020-09-16,19.9,28000.0,2.06,9,20.95,28.91,2.19,22.31,26.0,26.474285714285713,3.770936475833166,1.8,2
2020-09-17,16.32,17600.0,1.65,9,19.9,31.46,2.06,20.95,23.36,25.187142857142856,4.3013785165763405,2.35,3
2020-09-18,18.2,4000.0,1.56,9,16.32,26.66,1.65,19.9,24.88,23.024285714285714,4.4261151406287285,2.21,4
2020-09-21,18.75,4000.0,1.33,9,18.2,26.02,1.56,16.32,27.8,21.815714285714286,4.422928355524544,2.13,0
2020-09-22,22.45,4800.0,1.49,9,18.75,29.01,1.33,18.2,34.5,20.777142857142856,4.113918303701686,1.93,1
2020-09-23,21.4,13600.0,1.74,9,22.45,22.31,1.49,18.75,36.27,19.84,2.2515476159021692,2.18,2
2020-09-24,19.93,6400.0,1.93,9,21.4,20.95,1.74,22.45,32.0,19.71,2.106782697228508,2.19,3
2020-09-25,25.99,11200.0,1.9,9,19.93,19.9,1.93,21.4,28.1,19.564285714285713,2.0409708240859348,2.06,4
2020-09-28,20.13,7200.0,1.83,9,25.99,16.32,1.9,19.93,27.78,20.434285714285714,3.185178472985444,1.65,0
2020-09-29,20.35,52000.0,1.74,9,20.13,18.2,1.83,25.99,27.0,20.978571428571428,2.6446072712324455,1.56,1
2020-09-30,18.82,24000.0,1.66,9,20.35,18.75,1.74,20.13,25.06,21.285714285714285,2.3797048636549647,1.33,2
2020-10-01,19.47,19200.0,1.6,10,18.82,22.45,1.66,20.35,24.85,21.295714285714286,2.367388555230515,1.49,3
2020-10-02,20.88,3200.0,1.41,10,19.47,21.4,1.6,18.82,29.75,20.87,2.39302458547224,1.74,4
2020-10-05,22.79,4800.0,1.92,10,20.88,19.93,1.41,19.47,36.0,20.795714285714286,2.3818750117158753,1.93,0
2020-10-06,24.21,18400.0,1.86,10,22.79,25.99,1.92,20.88,40.69,21.204285714285714,2.452861302935092,1.9,1
2020-10-07,22.2,26400.0,2.01,10,24.21,20.13,1.86,22.79,34.11,20.95,1.9051596608529278,1.83,2
2020-10-08,23.31,20000.0,1.49,10,22.2,20.35,2.01,24.21,38.88,21.245714285714286,1.9172798191108589,1.74,3
2020-10-09,25.74,12000.0,2.25,10,23.31,18.82,1.49,22.2,29.85,21.66857142857143,2.0109320274577693,1.66,4
2020-10-12,22.75,6400.0,2.31,10,25.74,19.47,2.25,23.31,24.9,22.657142857142855,2.077030847836589,1.6,0
2020-10-13,21.85,16000.0,2.14,10,22.75,20.88,2.31,25.74,24.59,23.125714285714285,1.5382983796290841,1.41,1
2020-10-14,23.31,20800.0,2.02,10,21.85,22.79,2.14,22.75,29.3,23.264285714285712,1.3321643685256868,1.92,2
2020-10-15,23.62,11200.0,2.23,10,23.31,24.21,2.02,21.85,28.15,23.33857142857143,1.3157054960698753,1.86,3
2020-10-16,26.88,1600.0,2.16,10,23.62,22.2,2.23,23.31,24.03,23.254285714285714,1.2686325596626116,2.01,4
2020-10-19,29.64,11200.0,2.3,10,26.88,23.31,2.16,23.62,28.91,23.922857142857143,1.7588795134586606,1.49,0
2020-10-20,30.46,8000.0,2.57,10,29.64,25.74,2.3,26.88,31.46,24.827142857142857,2.743110851362815,2.25,1
2020-10-21,30.03,16000.0,2.95,10,30.46,22.75,2.57,29.64,26.66,25.50142857142857,3.484754551718307,2.31,2
2020-10-22,27.08,15200.0,2.99,10,30.03,21.85,2.95,30.46,26.02,26.541428571428572,3.610805212929837,2.14,3
2020-10-26,31.68,5600.0,3.14,10,27.08,23.31,2.99,30.03,29.01,27.28857142857143,2.9608694025664977,2.02,0
2020-10-27,33.01,6400.0,3.07,10,31.68,23.62,3.14,27.08,22.31,28.48428571428571,2.770318015096564,2.23,1
2020-10-28,33.9,19200.0,3.14,10,33.01,26.88,3.07,31.68,20.95,29.82571428571428,2.246210565545522,2.16,2
2020-10-29,33.8,2400.0,3.06,10,33.9,29.64,3.14,33.01,19.9,30.828571428571426,2.2787162217033248,2.3,3
2020-10-30,39.49,7200.0,3.03,10,33.8,30.46,3.06,33.9,16.32,31.422857142857143,2.4528807165310678,2.57,4
2020-11-02,28.28,8800.0,3.03,11,39.49,30.03,3.03,33.8,18.2,32.712857142857146,3.842801557396602,2.95,0
2020-11-03,24.8,3200.0,2.88,11,28.28,27.08,3.03,39.49,18.75,32.462857142857146,4.095073114063996,2.99,1
2020-11-04,24.26,4800.0,2.63,11,24.8,31.68,2.88,28.28,22.45,32.137142857142855,4.647926829192758,3.14,2
2020-11-05,23.19,14400.0,2.69,11,24.26,33.01,2.63,24.8,21.4,31.07714285714286,5.531644464008574,3.07,3
2020-11-06,24.14,5600.0,2.67,11,23.19,33.9,2.69,24.26,19.93,29.67428571428572,6.1683273182256135,3.14,4
2020-11-09,20.96,13600.0,2.63,11,24.14,33.8,2.67,23.19,25.99,28.28,6.1570149693938605,3.06,0
2020-11-10,25.55,10400.0,2.74,11,20.96,39.49,2.63,24.14,20.13,26.445714285714285,6.151053723124926,3.03,1
2020-11-11,26.6,4800.0,2.75,11,25.55,28.28,2.74,20.96,20.35,24.454285714285714,2.232381815782431,3.03,2
2020-11-12,25.03,5600.0,2.81,11,26.6,24.8,2.75,25.55,18.82,24.21428571428572,1.8012019796336307,2.88,3
2020-11-16,28.35,14400.0,2.62,11,25.03,24.26,2.81,26.6,19.47,24.247142857142858,1.8157066052085642,2.63,0
2020-11-17,27.5,16000.0,2.55,11,28.35,23.19,2.62,25.03,20.88,24.831428571428575,2.3883148073600005,2.69,1
2020-11-18,24.36,11200.0,2.37,11,27.5,24.14,2.55,28.35,22.79,25.447142857142858,2.449406147660647,2.67,2
2020-11-19,20.87,7200.0,2.19,11,24.36,20.96,2.37,27.5,24.21,25.47857142857143,2.4311823500212624,2.63,3
2020-11-20,22.6,15200.0,2.22,11,20.87,25.55,2.19,24.36,22.2,25.465714285714284,2.4591384476619442,2.74,4
2020-11-23,25.51,8800.0,2.23,11,22.6,26.6,2.22,20.87,23.31,25.044285714285714,2.6847151130245854,2.75,0
2020-11-24,21.6,3200.0,2.47,11,25.51,25.03,2.23,22.6,25.74,24.888571428571428,2.610015508074302,2.81,1
2020-11-25,18.55,3200.0,2.47,11,21.6,28.35,2.47,25.51,22.75,24.398571428571426,2.886378518557199,2.62,2
2020-11-30,29.4,26400.0,2.89,11,18.55,27.5,2.47,21.6,21.85,22.99857142857143,3.023769328568023,2.55,0
2020-12-01,29.98,8800.0,2.89,12,29.4,24.36,2.89,18.55,23.31,23.270000000000003,3.536919563689243,2.37,1
2020-12-02,26.73,4800.0,2.75,12,29.98,20.87,2.89,29.4,23.62,24.072857142857146,4.36621008154647,2.19,2
2020-12-03,23.24,8000.0,2.46,12,26.73,22.6,2.75,29.98,26.88,24.91,4.208705264093388,2.22,3
2020-12-07,28.99,6400.0,2.39,12,23.24,25.51,2.46,26.73,29.64,25.00142857142857,4.15679134498253,2.23,0
2020-12-08,26.07,7200.0,2.36,12,28.99,21.6,2.39,23.24,30.46,25.49857142857143,4.427066103608751,2.47,1
2020-12-09,24.88,4800.0,2.45,12,26.07,18.55,2.36,28.99,30.03,26.13714285714286,4.079761897815154,2.47,2
2020-12-10,21.84,4800.0,2.45,12,24.88,29.4,2.45,26.07,27.08,27.041428571428572,2.5218473954070433,2.89,3
2020-12-11,28.89,8800.0,2.54,12,21.84,29.98,2.45,24.88,31.68,25.96142857142857,2.9293197650173823,2.89,4
2020-12-14,33.08,25600.0,2.69,12,28.89,26.73,2.54,21.84,33.01,25.805714285714284,2.700104054433669,2.75,0
2020-12-15,36.22,23200.0,2.63,12,33.08,23.24,2.69,28.89,33.9,26.712857142857143,3.873928730569378,2.46,1
2020-12-16,42.4,56800.0,2.73,12,36.22,28.99,2.63,33.08,33.8,28.56714285714286,4.904085760145705,2.39,2
2020-12-17,40.35,31200.0,2.7,12,42.4,26.07,2.73,36.22,39.49,30.482857142857142,7.185398885438688,2.36,3
2020-12-18,28.04,10400.0,2.73,12,40.35,24.88,2.7,42.4,28.28,32.52285714285714,7.7301977428047195,2.45,4
2020-12-21,27.83,8000.0,2.68,12,28.04,21.84,2.73,40.35,24.8,32.97428571428571,7.289169722135792,2.45,0
2020-12-22,24.58,12800.0,2.76,12,27.83,28.89,2.68,28.04,24.26,33.83,6.002188489765418,2.54,1
2020-12-23,21.23,16000.0,2.76,12,24.58,33.08,2.76,27.83,23.19,33.214285714285715,6.765879733740061,2.69,2
2020-12-24,27.55,8800.0,2.68,12,21.23,36.22,2.76,24.58,24.14,31.521428571428572,8.146650494879504,2.63,3
2020-12-28,28.07,13600.0,2.39,12,27.55,42.4,2.68,21.23,20.96,30.282857142857143,7.9704113534286005,2.73,0
2020-12-29,22.88,3200.0,2.4,12,28.07,40.35,2.39,27.55,25.55,28.235714285714284,5.9146818937935,2.7,1
2020-12-30,20.35,8800.0,2.36,12,22.88,28.04,2.4,28.07,26.6,25.740000000000002,2.835148438208105,2.73,2
2020-12-31,23.38,1600.0,2.39,12,20.35,27.83,2.36,22.88,25.03,24.641428571428573,3.2542916718883177,2.68,3
2021-01-04,27.21,43200.0,2.6,1,23.38,24.58,2.39,20.35,28.35,24.005714285714284,2.9478175946683094,2.76,0
2021-01-05,34.42,28000.0,2.77,1,27.21,21.23,2.6,23.38,27.5,24.381428571428575,3.1908015114891914,2.76,1
2021-01-06,27.84,14400.0,2.76,1,34.42,27.55,2.77,27.21,24.36,26.265714285714285,4.602082344414211,2.68,2
2021-01-07,30.08,11200.0,2.81,1,27.84,28.07,2.76,34.42,20.87,26.307142857142857,4.616852153744031,2.39,3
2021-01-08,31.63,6400.0,2.77,1,30.08,22.88,2.81,27.84,22.6,26.594285714285714,4.803498229218189,2.4,4
2021-01-11,28.25,14400.0,2.71,1,31.63,20.35,2.77,30.08,25.51,27.844285714285714,4.814328811451157,2.36,0
2021-01-12,26.38,17600.0,2.89,1,28.25,23.38,2.71,31.63,21.6,28.972857142857144,3.5154692161261214,2.39,1
2021-01-13,26.35,12000.0,2.82,1,26.38,27.21,2.89,28.25,18.55,29.40142857142857,2.837495542267418,2.6,2
2021-01-14,27.16,11200.0,2.82,1,26.35,34.42,2.82,26.38,29.4,29.27857142857143,2.963991838560653,2.77,3
2021-01-15,31.75,20000.0,2.86,1,27.16,27.84,2.82,26.35,29.98,28.24142857142857,1.9679043724364134,2.76,4
2021-01-19,28.07,12000.0,2.65,1,31.75,30.08,2.86,27.16,26.73,28.8,2.3523321760910583,2.81,1
2021-01-20,23.84,36000.0,2.57,1,28.07,31.63,2.65,31.75,23.24,28.51285714285714,2.291947601829172,2.77,2
2021-01-21,24.06,11200.0,2.49,1,23.84,28.25,2.57,28.07,28.99,27.4,2.4141251003224533,2.71,3
2021-01-22,27.8,10400.0,2.45,1,24.06,26.38,2.49,23.84,26.07,26.80142857142857,2.6737328997217777,2.89,4
2021-01-25,26.5,50400.0,2.63,1,27.8,26.35,2.45,24.06,24.88,27.004285714285714,2.6902469350294855,2.82,0
2021-01-26,28.87,20800.0,2.73,1,26.5,27.16,2.63,27.8,21.84,27.025714285714287,2.6847585685561257,2.82,1
2021-01-27,36.43,32000.0,2.77,1,28.87,31.75,2.73,26.5,28.89,27.270000000000003,2.775283769276021,2.86,2
2021-01-28,43.28,42400.0,2.76,1,36.43,28.07,2.77,28.87,33.08,27.93857142857143,4.221364031414618,2.65,3
2021-01-29,32.97,4800.0,2.68,1,43.28,23.84,2.76,36.43,36.22,30.111428571428576,7.178817053367544,2.57,4
2021-02-01,33.23,41600.0,2.88,2,32.97,24.06,2.68,43.28,42.4,31.41571428571429,6.660142283622878,2.49,0
2021-02-02,33.27,33600.0,3.24,2,33.23,27.8,2.88,32.97,40.35,32.72571428571429,5.821187900371748,2.45,1
2021-02-03,29.5,15200.0,3.01,2,33.27,26.5,3.24,33.23,28.04,33.50714285714286,5.40179820148157,2.63,2
2021-02-04,26.97,10400.0,2.99,2,29.5,28.87,3.01,33.27,27.83,33.93571428571429,4.843345459297827,2.73,3
2021-02-05,40.43,32000.0,3.49,2,26.97,36.43,2.99,29.5,24.58,33.66428571428571,5.2136355106682455,2.77,4
2021-02-08,37.52,36000.0,3.4,2,40.43,43.28,3.49,26.97,21.23,34.23571428571428,5.758066391718156,2.76,0
2021-02-09,37.19,32000.0,3.35,2,37.52,32.97,3.4,40.43,27.55,33.41285714285714,4.530999574361367,2.68,1
2021-02-10,40.03,14400.0,3.76,2,37.19,33.23,3.35,37.52,28.07,34.01571428571429,4.738255154037985,2.88,2
2021-02-11,48.83,23200.0,6.5,2,40.03,33.27,3.76,37.19,22.88,34.98714285714286,5.222626141083548,3.24,3
2021-02-12,61.5,46400.0,6.12,2,48.83,29.5,6.5,40.03,20.35,37.209999999999994,7.277172069790456,3.01,4
2021-02-16,132.38,22400.0,11.32,2,61.5,26.97,6.12,48.83,23.38,41.78142857142857,10.81679007927267,2.99,1
2021-02-17,169.92,39200.0,23.86,2,132.38,40.43,11.32,61.5,27.21,56.839999999999996,34.407887661600704,3.49,2
2021-02-18,78.36,16000.0,8.56,2,169.92,37.52,23.86,132.38,34.42,75.33857142857143,53.58145619166247,3.4,3
2021-02-19,39.66,10400.0,4.96,2,78.36,37.19,8.56,169.92,27.84,81.17285714285715,50.93533014659719,3.35,4
2021-02-22,29.01,12000.0,3.16,2,39.66,40.03,4.96,78.36,30.08,81.52571428571427,50.58722034174992,3.76,0
2021-02-23,23.79,16000.0,2.94,2,29.01,48.83,3.16,39.66,31.63,79.95142857142856,52.238329614875475,6.5,1
2021-02-24,23.92,20000.0,2.8,2,23.79,61.5,2.94,29.01,28.25,76.37428571428572,55.48130251329203,6.12,2
2021-02-25,23.9,16800.0,2.72,2,23.92,132.38,2.8,23.79,26.38,71.00571428571428,58.87487632177888,11.32,3
2021-02-26,25.47,15200.0,2.66,2,23.9,169.92,2.72,23.92,26.35,55.50857142857143,54.11180044702863,23.86,4
2021-03-01,33.81,27200.0,2.7,3,25.47,78.36,2.66,23.9,27.16,34.87285714285714,20.00013976141653,8.56,0
2021-03-02,28.61,24000.0,2.87,3,33.81,39.66,2.7,25.47,31.75,28.50857142857143,6.14413929033619,4.96,1
2021-03-03,27.7,10400.0,2.86,3,28.61,29.01,2.87,33.81,28.07,26.93,3.7575568303538596,3.16,2
2021-03-04,29.23,9600.0,2.79,3,27.7,23.79,2.86,28.61,23.84,26.74285714285714,3.6682589616232737,2.94,3
2021-03-05,28.23,8800.0,2.72,3,29.23,23.92,2.79,27.7,24.06,27.520000000000003,3.511305550172494,2.8,4
2021-03-08,22.0,10400.0,2.67,3,28.23,23.9,2.72,29.23,27.8,28.135714285714283,3.1322508261792525,2.72,0
2021-03-09,21.07,20800.0,2.62,3,22.0,25.47,2.67,28.23,26.5,27.864285714285717,3.606844683575104,2.66,1
2021-03-10,21.05,7200.0,2.62,3,21.07,33.81,2.62,22.0,28.87,27.235714285714288,4.391658218118464,2.7,2
2021-03-11,23.84,7200.0,2.7,3,21.05,28.61,2.62,21.07,36.43,25.412857142857142,3.8188598398208264,2.87,3
2021-03-12,33.5,2400.0,2.65,3,23.84,27.7,2.7,21.05,43.28,24.731428571428573,3.570804897926183,2.86,4
2021-03-15,31.99,24800.0,2.58,3,33.5,29.23,2.65,23.84,32.97,25.560000000000002,4.8265515640056975,2.79,0
2021-03-16,26.45,4000.0,2.5,3,31.99,28.23,2.58,33.5,33.23,25.954285714285714,5.268797640015636,2.72,1
2021-03-17,25.81,13600.0,2.6,3,26.45,22.0,2.5,31.99,33.27,25.7,5.1829142381488245,2.67,2
2021-03-18,29.52,12000.0,2.45,3,25.81,21.07,2.6,26.45,29.5,26.244285714285716,4.92314214414273,2.62,3
2021-03-19,27.0,2400.0,2.53,3,29.52,21.05,2.45,25.81,26.97,27.451428571428576,4.4568427859924675,2.62,4
2021-03-22,24.34,7200.0,2.55,3,27.0,23.84,2.53,29.52,40.43,28.301428571428573,3.4963954227727547,2.7,0
2021-03-23,28.27,13600.0,2.56,3,24.34,33.5,2.55,27.0,37.52,28.37285714285714,3.3936593537845128,2.65,1
2021-03-24,26.63,1600.0,2.56,3,28.27,31.99,2.56,24.34,37.19,27.625714285714285,2.5467944370850506,2.58,2
2021-03-25,27.98,4800.0,2.52,3,26.63,26.45,2.56,28.27,40.03,26.859999999999996,1.6711872027610435,2.5,3
2021-03-26,30.22,8800.0,2.52,3,27.98,25.81,2.52,26.63,48.83,27.07857142857143,1.7082684075948138,2.6,4
2021-03-29,25.99,9600.0,2.58,3,30.22,29.52,2.52,27.98,61.5,27.708571428571425,1.9574679952393566,2.45,0
2021-03-30,25.39,5600.0,2.55,3,25.99,27.0,2.58,30.22,132.38,27.204285714285714,1.8655728087553825,2.53,1
2021-03-31,31.87,11200.0,2.52,3,25.39,24.34,2.55,25.99,169.92,26.974285714285717,1.9900490541946019,2.55,2
2021-04-01,31.86,11200.0,2.52,4,31.87,28.27,2.52,25.39,78.36,28.050000000000004,2.334173658207981,2.56,3
2021-04-05,26.91,4800.0,2.43,4,31.86,26.63,2.52,31.87,39.66,28.562857142857144,2.7482340650308017,2.56,0
2021-04-06,28.44,7200.0,2.44,4,26.91,27.98,2.43,31.86,29.01,28.602857142857143,2.7172762973602294,2.52,1
2021-04-07,27.93,3200.0,2.43,4,28.44,30.22,2.44,26.91,23.79,28.66857142857143,2.7052383047930384,2.52,2
2021-04-08,24.63,8800.0,2.47,4,27.93,25.99,2.43,28.44,23.92,28.34142857142857,2.6235880556443276,2.58,3
2021-04-09,27.75,2400.0,2.48,4,24.63,25.39,2.47,27.93,23.9,28.147142857142857,2.865907152984749,2.55,4
2021-04-12,27.11,9600.0,2.5,4,27.75,31.87,2.48,24.63,25.47,28.48428571428571,2.615363946267104,2.52,0
2021-04-13,29.42,15200.0,2.57,4,27.11,31.86,2.5,27.75,33.81,27.804285714285715,2.1690847312712305,2.52,1
2021-04-14,31.25,8800.0,2.65,4,29.42,26.91,2.57,27.11,28.61,27.455714285714286,1.5022633717496843,2.43,2
2021-04-15,33.39,7200.0,2.62,4,31.25,28.44,2.65,29.42,27.7,28.075714285714287,2.0391489821574886,2.44,3
2021-04-19,33.13,8800.0,2.75,4,33.39,27.93,2.62,31.25,29.23,28.782857142857146,2.8739445267545323,2.43,0
2021-04-20,37.16,16800.0,2.76,4,33.13,24.63,2.75,33.39,28.23,29.525714285714287,3.262534072072442,2.47,1
2021-04-21,35.6,16000.0,2.72,4,37.16,27.75,2.76,33.13,22.0,31.315714285714286,3.5531763120856383,2.48,2
2021-04-22,31.31,3200.0,2.77,4,35.6,27.11,2.72,37.16,21.07,32.43714285714286,3.478216565453452,2.5,3
2021-04-23,29.03,12800.0,2.79,4,31.31,29.42,2.77,35.6,21.05,33.037142857142854,2.6758158524447575,2.57,4
2021-04-26,30.7,29600.0,2.73,4,29.03,31.25,2.79,31.31,23.84,32.98142857142857,2.766215396358682,2.65,0
2021-04-28,37.0,8000.0,2.98,4,30.7,33.39,2.73,29.03,33.5,32.902857142857144,2.8306519525004656,2.62,2
2021-04-29,27.03,17600.0,2.91,4,37.0,33.13,2.98,30.7,31.99,33.41857142857143,3.234271832378717,2.75,3
2021-04-30,31.16,6400.0,2.86,4,27.03,37.16,2.91,37.0,26.45,32.54714285714285,4.045119340167208,2.76,4
2021-05-03,44.54,76800.0,2.96,5,31.16,35.6,2.86,27.03,25.81,31.689999999999998,3.504302117874238,2.72,0
2021-05-04,33.81,15200.0,3.0,5,44.54,31.31,2.96,31.16,29.52,32.96714285714285,5.945552159067708,2.77,1
2021-05-05,26.67,21600.0,2.99,5,33.81,29.03,3.0,44.54,27.0,33.324285714285715,5.9043623904787,2.79,2
2021-05-06,28.15,3200.0,2.9,5,26.67,30.7,2.99,33.81,24.34,32.98714285714286,6.247825526495438,2.73,3
2021-05-07,32.45,2400.0,2.9,5,28.15,37.0,2.9,26.67,28.27,32.62285714285714,6.473663862877659,2.98,4
2021-05-10,31.92,2400.0,2.93,5,32.45,27.03,2.9,28.15,26.63,31.972857142857144,6.182811427082472,2.91,0
2021-05-11,27.63,1600.0,2.91,5,31.92,31.16,2.93,32.45,27.98,32.67142857142857,5.795370073232473,2.86,1
2021-05-12,29.66,8800.0,2.91,5,27.63,44.54,2.91,31.92,30.22,32.167142857142856,6.0946608171574965,2.96,2
2021-05-13,27.0,3200.0,2.95,5,29.66,33.81,2.91,27.63,25.99,30.041428571428572,2.721423822019016,3.0,3
2021-05-14,28.38,11200.0,2.95,5,27.0,26.67,2.95,29.66,25.39,29.06857142857143,2.3402238395189556,2.99,4
2021-05-17,30.98,17600.0,2.99,5,28.38,28.15,2.95,27.0,31.87,29.312857142857144,2.1277195482947553,2.9,0
2021-05-18,35.23,9600.0,2.96,5,30.98,32.45,2.99,28.38,31.86,29.717142857142854,2.1387746825839784,2.9,1
2021-05-19,40.03,12000.0,2.88,5,35.23,31.92,2.96,30.98,26.91,30.114285714285717,2.8654601558505135,2.93,2
2021-05-20,43.12,13600.0,2.86,5,40.03,27.63,2.88,35.23,28.44,31.27285714285714,4.7421855519927165,2.91,3
2021-05-21,33.38,1600.0,2.84,5,43.12,29.66,2.86,40.03,27.93,33.48571428571428,6.160859943067957,2.91,4
2021-05-24,31.26,15200.0,2.78,5,33.38,27.0,2.84,43.12,24.63,34.01714285714286,5.932050556892427,2.95,0
2021-05-25,39.55,24800.0,2.87,5,31.26,28.38,2.78,33.38,27.75,34.62571428571429,5.2742198700944405,2.95,1
2021-05-26,33.82,20800.0,2.91,5,39.55,30.98,2.87,31.26,27.11,36.221428571428575,4.7314530135098005,2.99,2
2021-05-27,27.98,12000.0,2.85,5,33.82,35.23,2.91,39.55,29.42,36.62714285714286,4.310103302264776,2.96,3
2021-05-28,28.0,3200.0,2.91,5,27.98,40.03,2.85,33.82,31.25,35.59142857142857,5.427922956256023,2.88,4
2021-06-01,26.9,4000.0,3.02,6,28.0,43.12,2.91,27.98,33.39,33.87285714285714,5.686658990672328,2.86,1
2021-06-02,29.73,4000.0,3.09,6,26.9,33.38,3.02,28.0,33.13,31.555714285714288,4.4638468355705365,2.84,2
2021-06-03,33.79,7200.0,3.01,6,29.73,31.26,3.09,26.9,37.16,31.034285714285712,4.428272263321203,2.78,3
2021-06-04,45.93,15200.0,3.01,6,33.79,39.55,3.01,29.73,35.6,31.395714285714284,4.5513033193544095,2.87,4
2021-06-07,43.36,35200.0,2.98,6,45.93,33.82,3.01,33.79,31.31,32.30714285714286,6.623497853062848,2.91,0
2021-06-08,41.23,28000.0,3.11,6,43.36,27.98,2.98,45.93,29.03,33.67,7.853869534609721,2.85,1
2021-06-09,37.01,13600.0,3.13,6,41.23,28.0,3.11,43.36,30.7,35.56285714285714,7.850655416982337,2.91,2
2021-06-10,32.63,19200.0,3.13,6,37.01,26.9,3.13,41.23,37.0,36.85,7.107472593451909,3.02,3
2021-06-11,34.75,800.0,3.23,6,32.63,29.73,3.13,37.01,27.03,37.66857142857143,6.016816513105922,3.09,4
2021-06-14,29.23,12000.0,3.36,6,34.75,33.79,3.23,32.63,31.16,38.385714285714286,5.1495885180046095,3.01,0
2021-06-15,28.37,9600.0,3.31,6,29.23,45.93,3.36,34.75,44.54,37.73428571428571,6.039392511235302,3.01,1
2021-06-16,28.45,12800.0,3.25,6,28.37,43.36,3.31,29.23,33.81,35.22571428571429,5.7054823259241,2.98,2
2021-06-17,32.86,24800.0,3.24,6,28.45,41.23,3.25,28.37,26.67,33.09571428571429,4.887067481776036,3.11,3
2021-06-18,40.41,16800.0,3.23,6,32.86,37.01,3.24,28.45,28.15,31.900000000000002,3.3461769229980147,3.13,4
2021-06-21,27.95,9600.0,3.15,6,40.41,32.63,3.23,32.86,32.45,32.385714285714286,4.317367473908869,3.13,0
2021-06-22,27.0,8800.0,3.21,6,27.95,34.75,3.15,40.41,31.92,31.717142857142857,4.624661120146531,3.23,1
2021-06-25,51.38,7200.0,3.4,6,27.0,29.23,3.21,27.95,27.63,30.609999999999996,4.7045687014508974,3.36,4
2021-06-28,65.05,32000.0,3.62,6,51.38,28.37,3.4,27.0,29.66,33.77428571428571,9.057201291684938,3.31,0
2021-06-29,67.48,31200.0,3.75,6,65.05,28.45,3.62,51.38,27.0,39.01428571428571,14.427740475836755,3.25,1
2021-06-30,40.32,15200.0,3.79,6,67.48,32.86,3.75,65.05,28.38,44.589999999999996,16.980531990095848,3.24,2
2021-07-01,30.13,11200.0,3.76,7,40.32,40.41,3.79,67.48,30.98,45.65571428571428,16.343809079834994,3.23,3
2021-07-02,54.04,15200.0,3.67,7,30.13,27.95,3.76,40.32,35.23,44.18714285714286,17.326059096330177,3.15,4
2021-07-06,56.0,24000.0,3.68,7,54.04,27.0,3.67,30.13,40.03,47.91428571428572,16.007012897625934,3.21,1
2021-07-07,36.71,8800.0,3.66,7,56.0,51.38,3.68,54.04,43.12,52.057142857142864,13.198329078947484,3.4,2
2021-07-08,36.45,1600.0,3.56,7,36.71,65.05,3.66,56.0,33.38,49.96142857142856,14.430912917035025,3.62,3
2021-07-09,43.95,8800.0,3.71,7,36.45,67.48,3.56,36.71,31.26,45.87571428571429,13.463220091720137,3.75,4
2021-07-12,44.99,11200.0,3.7,7,43.95,40.32,3.71,36.45,39.55,42.51428571428572,9.534311471632206,3.79,0
2021-07-13,46.13,9600.0,3.78,7,44.99,30.13,3.7,43.95,33.82,43.18142857142857,9.518554562137206,3.76,1
2021-07-14,49.63,18400.0,3.8,7,46.13,54.04,3.78,44.99,27.98,45.46714285714286,7.587271609491256,3.67,2
2021-07-15,44.45,36800.0,3.68,7,49.63,56.0,3.8,46.13,28.0,44.83714285714286,6.909623034304562,3.68,3
2021-07-19,45.58,18400.0,3.75,7,44.45,36.71,3.68,49.63,26.9,43.18714285714286,4.88092106842475,3.66,0
2021-07-20,43.09,8800.0,3.82,7,45.58,36.45,3.75,44.45,29.73,44.45428571428572,3.989009305340995,3.56,1
2021-07-21,37.57,11200.0,3.94,7,43.09,43.95,3.82,45.58,33.79,45.40285714285715,2.1200370616710242,3.71,2
2021-07-22,41.03,4800.0,4.02,7,37.57,44.99,3.94,43.09,45.93,44.49142857142857,3.660493721578563,3.7,3
2021-07-23,52.27,8800.0,4.11,7,41.03,46.13,4.02,37.57,43.36,43.925714285714285,3.8705721245612392,3.78,4
2021-07-26,53.03,7200.0,4.09,7,52.27,49.63,4.11,41.03,41.23,44.80285714285714,4.98782756413306,3.8,0
2021-07-27,50.96,12800.0,4.15,7,53.03,44.45,4.09,52.27,37.01,45.28857142857142,5.656908544931223,3.68,1
2021-07-28,44.01,16800.0,4.1,7,50.96,45.58,4.15,53.03,32.63,46.21857142857143,6.019569277424728,3.75,2
2021-07-29,38.66,8800.0,4.03,7,44.01,43.09,4.1,50.96,34.75,45.994285714285716,6.076308794937104,3.82,3
2021-08-02,38.55,9600.0,4.02,8,38.66,37.57,4.03,44.01,29.23,45.36142857142857,6.634285765555266,3.94,0
2021-08-03,41.46,6400.0,4.06,8,38.55,41.03,4.02,38.66,28.37,45.50142857142857,6.450251748501696,4.02,1
2021-08-04,45.0,800.0,4.2,8,41.46,52.27,4.06,38.55,28.45,45.56285714285714,6.402441498589323,4.11,2
2021-08-05,53.61,8800.0,4.27,8,45.0,53.03,4.2,41.46,32.86,44.52428571428571,5.682255588358411,4.09,3
2021-08-06,63.0,4000.0,4.21,8,53.61,50.96,4.27,45.0,40.41,44.607142857142854,5.829281586055489,4.15,4
2021-08-09,55.31,23200.0,4.24,8,63.0,44.01,4.21,53.61,27.95,46.32714285714285,8.954633277966135,4.1,0
2021-08-10,60.08,21600.0,4.12,8,55.31,38.66,4.24,63.0,27.0,47.94142857142857,9.470954595624557,4.03,1
2021-08-11,73.79,20000.0,4.07,8,60.08,38.55,4.12,55.31,51.38,51.00142857142857,9.43264443050734,4.02,2
2021-08-12,54.17,21600.0,4.1,8,73.79,41.46,4.07,60.08,65.05,56.035714285714285,10.959937434649323,4.06,3
2021-08-13,42.41,18400.0,3.95,8,54.17,45.0,4.1,73.79,67.48,57.85142857142858,9.02471685349257,4.2,4
2021-08-16,43.0,7200.0,3.93,8,42.41,53.61,3.95,54.17,40.32,57.48142857142857,9.669481938158818,4.27,0
2021-08-17,46.91,9600.0,3.92,8,43.0,63.0,3.93,42.41,30.13,55.965714285714284,11.102817746174207,4.21,1
2021-08-18,54.13,12800.0,3.86,8,46.91,55.31,3.92,43.0,54.04,53.667142857142856,11.0692979516705,4.24,2
2021-08-19,45.03,8000.0,3.83,8,54.13,60.08,3.86,46.91,56.0,53.49857142857143,11.04907602256318,4.12,3
2021-08-20,53.64,13600.0,3.94,8,45.03,73.79,3.83,54.13,36.71,51.348571428571425,11.019199046167001,4.07,4
2021-08-23,67.63,34400.0,3.93,8,53.64,54.17,3.94,45.03,36.45,48.470000000000006,5.356712300158327,4.1,0
2021-08-24,81.5,49600.0,3.95,8,67.63,42.41,3.93,53.64,43.95,50.392857142857146,8.952654567753864,3.95,1
2021-08-25,77.0,7200.0,4.03,8,81.5,43.0,3.95,67.63,44.99,55.97714285714286,13.94356926362553,3.93,2
2021-08-26,61.43,25600.0,4.07,8,77.0,46.91,4.03,81.5,46.13,60.83428571428572,14.577094883346707,3.92,3
2021-08-27,60.0,800.0,4.35,8,61.43,54.13,4.07,77.0,49.63,62.90857142857142,13.23694756929927,3.86,4
2021-08-30,49.92,2400.0,4.25,8,60.0,45.03,4.35,61.43,44.45,63.747142857142855,12.765674958373875,3.83,0
2021-08-31,40.48,8000.0,4.33,8,49.92,53.64,4.25,60.0,45.58,64.44571428571429,11.656308531066989,3.94,1
2021-09-01,40.05,19200.0,4.45,9,40.48,67.63,4.33,49.92,43.09,62.565714285714286,14.422600155245666,3.93,2
2021-09-02,38.05,16000.0,4.65,9,40.05,81.5,4.45,40.48,37.57,58.62571428571429,16.435295207918436,3.95,3
2021-09-03,45.31,3200.0,4.77,9,38.05,77.0,4.65,40.05,41.03,52.41857142857143,14.4403386716649,4.03,4
2021-09-07,46.07,16000.0,4.71,9,45.31,61.43,4.77,38.05,52.27,47.89142857142856,9.608679112433475,4.07,1
2021-09-08,42.63,4000.0,4.66,9,46.07,60.0,4.71,45.31,53.03,45.69714285714286,7.5308337614675045,4.35,2
2021-09-09,43.51,8800.0,4.97,9,42.63,49.92,4.66,46.07,50.96,43.215714285714284,4.123387996712278,4.25,3
2021-09-10,80.12,47200.0,5.13,9,43.51,40.48,4.97,42.63,44.01,42.300000000000004,2.9235651751476124,4.33,4
2021-09-13,80.44,15200.0,5.21,9,80.12,40.05,5.13,43.51,38.66,47.962857142857146,14.455954614259305,4.45,0
2021-09-14,68.98,12000.0,5.39,9,80.44,38.05,5.21,80.12,38.55,53.73285714285714,18.3164267933511,4.65,1
2021-09-15,64.02,8800.0,5.66,9,68.98,45.31,5.39,80.44,41.46,58.151428571428575,17.620092156939645,4.77,2
2021-09-16,73.08,25600.0,5.52,9,64.02,46.07,5.66,68.98,45.0,60.824285714285715,16.74482293839182,4.71,3
2021-09-17,71.13,3200.0,5.32,9,73.08,42.63,5.52,64.02,53.61,64.68285714285715,15.867304659041931,4.66,4
2021-09-20,54.26,8800.0,5.25,9,71.13,43.51,5.32,73.08,63.0,68.75428571428571,12.581928650704715,4.97,0
2021-09-21,48.29,11200.0,4.96,9,54.26,80.12,5.25,71.13,55.31,70.28999999999999,9.184506882062957,5.13,1
2021-09-22,46.0,2400.0,4.92,9,48.29,80.44,4.96,54.26,60.08,65.74285714285713,11.171142457668342,5.21,2
2021-09-23,41.87,11200.0,4.94,9,46.0,68.98,4.92,48.29,73.79,60.82285714285714,11.20339340599632,5.39,3
2021-09-24,48.69,6400.0,5.1,9,41.87,64.02,4.94,46.0,54.17,56.949999999999996,12.521812967777437,5.66,4
2021-09-27,56.73,10400.0,5.53,9,48.69,73.08,5.1,41.87,42.41,54.76,12.41937196479757,5.52,0
2021-09-28,58.93,14400.0,5.94,9,56.73,71.13,5.53,48.69,43.0,52.42428571428571,9.622147814881515,5.32,1
2021-09-29,56.79,5600.0,5.73,9,58.93,54.26,5.94,56.73,46.91,50.68142857142857,6.146436443369609,5.25,2
2021-09-30,58.34,6400.0,5.58,9,56.79,48.29,5.73,58.93,54.13,51.04285714285714,6.458407219239493,4.96,3
2021-10-01,74.15,36000.0,5.61,10,58.34,46.0,5.58,56.79,45.03,52.478571428571435,6.849662834941695,4.92,4
2021-10-04,85.35,13600.0,5.8,10,74.15,41.87,5.61,58.34,53.64,56.5,9.966468782873868,4.94,0
2021-10-05,77.38,12800.0,6.37,10,85.35,48.69,5.8,74.15,67.63,62.71142857142858,12.54455848641334,5.1,1
2021-10-06,79.82,12000.0,6.0,10,77.38,56.73,6.37,85.35,81.5,66.81,11.868545263285752,5.53,2
2021-10-07,79.74,7200.0,5.71,10,79.82,58.93,6.0,77.38,77.0,70.10857142857142,11.808640097503858,5.94,3
2021-10-08,90.0,7200.0,5.46,10,79.74,56.79,5.71,79.82,61.43,73.08142857142857,11.125066933987787,5.73,4
2021-10-11,62.03,54400.0,5.46,10,90.0,58.34,5.46,79.74,60.0,77.82571428571428,10.048817272267486,5.58,0
2021-10-12,66.3,23200.0,5.34,10,62.03,74.15,5.46,90.0,49.92,78.35285714285715,8.885744602612085,5.61,1
2021-10-13,79.41,34400.0,5.56,10,66.3,85.35,5.34,62.03,40.48,77.23142857142857,9.937663086412249,5.8,2
2021-10-14,84.23,11200.0,5.92,10,79.41,77.38,5.56,66.3,40.05,76.38285714285713,9.3660498864881,6.37,3
2021-10-15,61.0,1600.0,5.44,10,84.23,79.82,5.92,79.41,38.05,77.36142857142856,9.833763993797456,6.0,4
2021-10-18,61.75,3200.0,5.01,10,61.0,79.74,5.44,84.23,45.31,74.67285714285715,11.483831698356793,5.71,0
2021-10-19,61.53,5600.0,4.81,10,61.75,90.0,5.01,61.0,46.07,72.10285714285713,12.15428828889287,5.46,1
2021-10-20,57.32,5600.0,4.87,10,61.53,62.03,4.81,61.75,42.63,68.03571428571429,9.678553364945138,5.46,2
2021-10-21,57.69,13600.0,4.94,10,57.32,66.3,4.87,61.53,43.51,67.36285714285715,10.308856571391399,5.34,3
2021-10-25,70.13,9600.0,5.72,10,57.69,79.41,4.94,57.32,80.12,66.13285714285715,10.950489660719287,5.56,0
2021-10-26,65.21,7200.0,5.59,10,70.13,84.23,5.72,57.69,80.44,64.80714285714285,9.547000775611176,5.92,1
2021-10-28,63.96,5600.0,5.68,10,65.21,61.0,5.59,70.13,68.98,62.089999999999996,4.436706736608143,5.44,3
2021-10-29,71.33,3200.0,5.49,10,63.96,61.75,5.68,65.21,64.02,62.51285714285715,4.456518500225757,5.01,4
2021-11-01,81.63,12000.0,5.22,11,71.33,61.53,5.49,63.96,73.08,63.88142857142857,5.525885837194898,4.81,0
2021-11-02,91.2,12000.0,5.33,11,81.63,57.32,5.22,71.33,71.13,66.75285714285714,8.514491009030026,4.87,1
2021-11-03,97.15,4000.0,5.59,11,91.2,57.69,5.33,81.63,54.26,71.59285714285714,11.399445475234826,4.94,2
2021-11-04,105.93,26400.0,5.73,11,97.15,70.13,5.59,91.2,48.29,77.23,13.019988479257304,5.72,3
2021-11-05,73.0,3200.0,5.51,11,105.93,65.21,5.73,97.15,46.0,82.3442857142857,16.367188576684555,5.59,4
2021-11-08,59.53,39200.0,5.53,11,73.0,63.96,5.51,105.93,41.87,83.45714285714287,15.23358101288668,5.68,0
2021-11-09,61.63,8000.0,5.08,11,59.53,71.33,5.53,73.0,48.69,82.82428571428571,16.237497608049704,5.49,1
2021-11-10,56.53,8000.0,4.56,11,61.63,81.63,5.08,59.53,56.73,81.43857142857144,17.727453688719823,5.22,2
2021-11-11,54.05,22400.0,4.81,11,56.53,91.2,4.56,61.63,58.93,77.85285714285715,20.066450204495982,5.33,3
2021-11-12,81.43,8800.0,4.97,11,54.05,97.15,4.81,56.53,56.79,72.5457142857143,20.84563891812282,5.59,4
2021-11-15,66.91,5600.0,4.77,11,81.43,105.93,4.97,54.05,58.34,70.3,18.463933311549,5.73,0
2021-11-16,0.0,14400.0,5.11,11,66.91,73.0,4.77,81.43,74.15,64.72571428571429,9.746688082185955,5.51,1
2021-11-17,60.86,20000.0,4.82,11,0.0,59.53,5.11,66.91,85.35,54.29714285714285,25.5918481254518,5.53,2
2021-11-18,79.0,9600.0,4.95,11,60.86,61.63,4.82,0.0,77.38,54.487142857142864,25.64206096389662,5.08,3
2021-11-19,83.6,4000.0,4.9,11,79.0,56.53,4.95,60.86,79.82,56.96857142857143,27.239215253363064,4.56,4
2021-11-22,95.35,17600.0,4.83,11,83.6,54.05,4.9,79.0,79.74,60.83571428571428,29.02931326386187,4.81,0
2021-11-23,71.5,6400.0,4.95,11,95.35,81.43,4.83,83.6,90.0,66.73571428571428,31.511178364268737,4.97,1
2021-11-24,59.75,800.0,4.93,11,71.5,66.91,4.95,95.35,62.03,65.31714285714285,30.95807956699167,4.77,2
2021-11-29,72.27,5600.0,4.9,11,59.75,0.0,4.93,71.5,66.3,64.29428571428572,31.01491139067506,5.11,0
2021-11-30,64.6,12000.0,4.52,11,72.27,60.86,4.9,59.75,79.41,74.61857142857141,12.61790451246591,4.82,1
2021-12-01,51.63,14400.0,4.31,12,64.6,79.0,4.52,72.27,84.23,75.15285714285713,12.002391031631305,4.95,2
2021-12-02,51.32,12800.0,4.08,12,51.63,83.6,4.31,64.6,61.0,71.24285714285715,14.696098931672935,4.9,3
2021-12-03,51.98,8800.0,3.79,12,51.32,95.35,4.08,51.63,61.75,66.63142857142857,15.227257827736985,4.83,4
2021-12-06,57.33,10400.0,3.66,12,51.98,71.5,3.79,51.32,61.53,60.435714285714276,9.24135786765635,4.95,0
2021-12-07,61.72,25600.0,3.6,12,57.33,59.75,3.66,51.98,57.32,58.41142857142857,7.862983802966509,4.93,1
2021-12-08,61.9,35200.0,3.79,12,61.72,72.27,3.6,57.33,57.69,58.692857142857136,7.9536107403822,4.9,2
2021-12-09,40.92,6400.0,3.67,12,61.9,64.6,3.79,61.72,70.13,57.21142857142858,5.629447659618195,4.52,3
2021-12-10,46.14,5600.0,3.65,12,40.92,51.63,3.67,61.9,65.21,53.82857142857142,7.312747838697982,4.31,4
2021-12-13,42.82,2400.0,4.05,12,46.14,51.32,3.65,40.92,63.96,53.04428571428571,7.861640747203893,4.08,0
2021-12-14,36.03,12800.0,3.71,12,42.82,51.98,4.05,46.14,71.33,51.83,8.775665216950895,3.79,1
2021-12-16,37.82,5600.0,3.67,12,36.03,57.33,3.71,42.82,81.63,49.55142857142857,10.609336184970145,3.66,3
2021-12-17,55.76,9600.0,3.71,12,37.82,61.72,3.67,36.03,91.2,46.76428571428571,10.786497511770545,3.6,4
2021-12-21,53.36,5600.0,3.96,12,55.76,61.9,3.71,37.82,97.15,45.91285714285714,9.576587273633947,3.79,1
2021-12-22,45.98,10400.0,3.95,12,53.36,40.92,3.96,55.76,105.93,44.69285714285714,7.524610099059051,3.67,2
2021-12-23,31.22,5600.0,3.56,12,45.98,46.14,3.95,53.36,73.0,45.41571428571429,7.342605934187532,3.65,3
2021-12-27,32.86,5600.0,3.45,12,31.22,42.82,3.56,45.98,59.53,43.28428571428571,9.061603715941608,4.05,0
2021-12-28,32.0,1600.0,3.32,12,32.86,36.03,3.45,31.22,61.63,41.86142857142857,9.890689946563535,3.71,1
2021-12-29,31.25,3200.0,3.4,12,32.0,37.82,3.32,32.86,56.53,41.285714285714285,10.391315054959799,3.67,2
2021-12-30,30.19,3200.0,3.82,12,31.25,55.76,3.4,32.0,54.05,40.347142857142856,11.03339282101671,3.71,3
2021-12-31,52.71,5600.0,3.82,12,30.19,53.36,3.82,31.25,81.43,36.69428571428572,9.15261685192287,3.96,4
2022-01-03,59.51,31200.0,3.74,1,52.71,45.98,3.82,30.19,66.91,36.60142857142858,8.956553333680032,3.95,0
2022-01-04,52.79,32800.0,3.73,1,59.51,31.22,3.74,52.71,0.0,38.534285714285716,12.192980025603607,3.56,1
2022-01-05,64.85,23200.0,3.78,1,52.79,32.86,3.73,59.51,60.86,41.61571428571428,12.749331821894332,3.45,2
2022-01-06,98.32,36800.0,3.94,1,64.85,32.0,3.78,52.79,79.0,46.18571428571429,14.675648602524042,3.32,3
2022-01-07,75.47,40800.0,3.83,1,98.32,31.25,3.94,64.85,83.6,55.660000000000004,23.024127200250913,3.4,4
2022-01-10,86.24,36000.0,4.16,1,75.47,30.19,3.83,98.32,95.35,61.97714285714285,21.20497796452967,3.82,0
2022-01-11,54.35,13600.0,4.16,1,86.24,52.71,4.16,75.47,71.5,69.98428571428572,17.45169510118595,3.82,1
2022-01-12,47.17,12000.0,4.62,1,54.35,59.51,4.16,86.24,59.75,70.21857142857142,17.19018947788855,3.74,2
2022-01-13,62.61,10400.0,4.78,1,47.17,52.79,4.62,54.35,72.27,68.45571428571428,19.008003452180127,3.73,3
2022-01-18,57.76,24800.0,4.55,1,62.61,64.85,4.78,47.17,64.6,69.85857142857142,17.994475474962965,3.78,1
2022-01-19,86.98,31200.0,4.89,1,57.76,98.32,4.55,62.61,51.63,68.84571428571428,18.515378164418486,3.94,2
2022-01-20,140.61,48800.0,4.45,1,86.98,75.47,4.89,57.76,51.32,67.22571428571429,15.804342079676255,3.83,3
2022-01-21,86.75,7200.0,4.11,1,140.61,86.24,4.45,86.98,51.98,76.53142857142858,32.17083121326484,4.16,4
2022-01-24,56.55,27200.0,4.2,1,86.75,54.35,4.11,140.61,57.33,76.60428571428572,32.19704948031869,4.16,0
2022-01-25,106.86,23200.0,4.24,1,56.55,47.17,4.2,86.75,61.72,76.91857142857143,31.953428834566544,4.62,1
2022-01-26,84.48,20800.0,4.43,1,106.86,62.61,4.24,56.55,61.9,85.44571428571429,30.62857100657413,4.78,2
2022-01-27,62.87,25600.0,4.43,1,84.48,57.76,4.43,106.86,40.92,88.57000000000001,28.982151978990856,4.55,3
2022-01-28,88.09,11200.0,5.69,1,62.87,86.98,4.43,84.48,46.14,89.3,28.12855725651999,4.89,4
2022-01-31,70.98,12800.0,5.56,1,88.09,140.61,5.69,62.87,42.82,89.45857142857143,28.11642487264406,4.45,0
2022-02-01,53.63,17600.0,5.45,2,70.98,86.75,5.56,88.09,36.03,79.51142857142858,17.202565146484414,4.11,1
2022-02-02,64.79,4800.0,6.7,2,53.63,56.55,5.45,70.98,37.82,74.78,19.305940363870583,4.2,2
2022-02-03,65.71,12000.0,5.84,2,64.79,106.86,6.7,53.63,55.76,75.95714285714287,18.2303937736641,4.24,3
2022-02-04,75.67,9600.0,5.34,2,65.71,84.48,5.84,64.79,53.36,70.07857142857142,12.262392953758102,4.43,4
2022-02-07,54.48,9600.0,4.44,2,75.67,62.87,5.34,65.71,45.98,68.82000000000001,10.916139427471403,4.43,0
2022-02-09,40.25,18400.0,4.13,2,54.48,88.09,4.44,75.67,31.22,67.62142857142858,12.077180173880699,5.69,2
2022-02-10,35.33,26400.0,4.03,2,40.25,70.98,4.13,54.48,32.86,60.787142857142854,12.099794370547043,5.56,3
2022-02-11,64.3,24000.0,4.04,2,35.33,53.63,4.03,40.25,32.0,55.69428571428572,14.381942216013858,5.45,4
2022-02-14,44.68,20800.0,4.05,2,64.3,64.79,4.04,35.33,31.25,57.21857142857142,14.68885340268986,6.7,0
2022-02-14,57.78,8000.0,4.05,2,44.68,65.71,4.05,64.3,30.19,54.34571428571428,14.925875582516491,5.84,0
2022-02-15,38.1,6400.0,4.31,2,57.78,75.67,4.05,44.68,52.71,53.212857142857146,14.203018123255504,5.34,1
2022-02-16,35.58,9600.0,4.39,2,38.1,54.48,4.31,57.78,59.51,47.84571428571428,11.051289302072288,4.44,2
2022-02-17,45.95,16800.0,4.57,2,35.58,40.25,4.39,38.1,52.79,45.145714285714284,11.46145694220845,4.13,3
2022-02-18,45.36,6400.0,4.61,2,45.95,35.33,4.57,35.58,64.85,45.959999999999994,11.256312303177692,4.03,4
2022-02-22,46.32,5600.0,4.48,2,45.36,64.3,4.61,45.95,98.32,47.392857142857146,10.273095467102058,4.04,1
2022-02-23,64.0,800.0,4.59,2,46.32,44.68,4.48,45.36,75.47,44.82428571428572,7.098539420526247,4.05,2
2022-02-24,64.24,3200.0,4.78,2,64.0,57.78,4.59,46.32,86.24,47.58428571428572,10.138208022365896,4.05,3
2022-02-25,67.57,15200.0,4.63,2,64.24,38.1,4.78,64.0,54.35,48.50714285714285,11.43239653249451,4.31,4
2022-02-28,40.03,14400.0,4.46,2,67.57,35.58,4.63,64.24,47.17,52.71714285714285,12.350528617952264,4.39,0
2022-03-01,38.22,19200.0,4.36,3,40.03,45.95,4.46,67.57,62.61,53.35285714285714,11.399315351203816,4.57,1
2022-03-02,47.36,5600.0,4.65,3,38.22,45.36,4.36,40.03,57.76,52.24857142857143,12.552099995049241,4.61,2
2022-03-03,52.99,13600.0,4.63,3,47.36,46.32,4.65,38.22,86.98,52.53428571428571,12.390894314163232,4.48,3
2022-03-04,45.77,11200.0,4.74,3,52.99,64.0,4.63,47.36,140.61,53.48714285714285,12.08608251155812,4.59,4
2022-03-07,51.79,4800.0,4.93,3,45.77,64.24,4.74,52.99,86.75,50.882857142857134,11.387115107707999,4.78,0
2022-03-08,58.44,25600.0,4.61,3,51.79,67.57,4.93,45.77,56.55,49.10428571428571,9.817202346125079,4.63,1
2022-03-09,57.54,5600.0,4.55,3,58.44,40.03,4.61,51.79,106.86,47.8,7.217220148136604,4.46,2
2022-03-10,45.5,800.0,4.65,3,57.54,38.22,4.55,58.44,84.48,50.30142857142857,7.108964829873788,4.36,3
2022-03-11,55.21,5600.0,4.79,3,45.5,47.36,4.65,57.54,62.87,51.34142857142857,5.365722780053226,4.65,4
2022-03-14,44.38,5600.0,4.59,3,55.21,52.99,4.79,45.5,88.09,52.462857142857146,5.213072396344083,4.63,0
2022-03-15,41.34,13600.0,4.46,3,44.38,45.77,4.59,55.21,70.98,51.23285714285714,6.021089918737722,4.74,1
2022-03-16,44.36,28800.0,4.68,3,41.34,51.79,4.46,44.38,53.63,50.60000000000001,6.864684989131067,4.93,2
2022-03-17,41.25,5600.0,4.8,3,44.36,58.44,4.68,41.34,64.79,49.53857142857142,7.215475102332672,4.61,3
2022-03-18,42.45,2400.0,4.87,3,41.25,57.54,4.8,44.36,65.71,47.08285714285715,6.578117041336851,4.55,4
2022-03-21,42.8,3200.0,4.77,3,42.45,45.5,4.87,41.25,75.67,44.92714285714286,4.816837531983712,4.65,0
2022-03-22,47.5,3200.0,5.0,3,42.8,55.21,4.77,42.45,54.48,44.54142857142857,4.871117012799446,4.79,1
2022-04-06,74.97,4800.0,6.29,4,47.5,44.38,5.0,42.8,40.25,43.440000000000005,2.191247741965806,4.59,2
2022-04-08,82.46,11200.0,6.38,4,74.97,41.34,6.29,47.5,35.33,47.81,12.168185293351494,4.46,4
2022-04-11,76.25,9600.0,6.35,4,82.46,44.36,6.38,74.97,64.3,53.68428571428571,17.34742714558643,4.68,0
2022-04-12,77.91,9600.0,6.59,4,76.25,41.25,6.35,82.46,44.68,58.239999999999995,18.630560914798,4.8,1
2022-04-13,76.18,11200.0,6.68,4,77.91,42.45,6.59,76.25,57.78,63.47714285714285,18.206418020655644,4.87,2
2022-04-14,66.93,21600.0,6.94,4,76.18,42.8,6.68,77.91,38.1,68.29571428571428,16.049576170045462,4.77,3
2022-04-18,101.85,18400.0,7.48,4,66.93,47.5,6.94,76.18,35.58,71.74285714285715,11.648945180123336,5.0,0
2022-04-19,83.35,4000.0,7.44,4,101.85,74.97,7.48,66.93,45.95,79.50714285714287,10.885177558321368,6.29,1
2022-04-20,72.4,19200.0,7.12,4,83.35,82.46,7.44,101.85,45.36,80.7042857142857,10.763149875296152,6.38,2
2022-04-21,73.0,4800.0,6.88,4,72.4,76.25,7.12,83.35,46.32,79.26714285714286,11.154172185458222,6.35,3
2022-04-22,81.75,2400.0,6.59,4,73.0,77.91,6.88,72.4,64.0,78.80285714285715,11.366312381016543,6.59,4
2022-04-25,80.6,10400.0,6.42,4,81.75,76.18,6.59,73.0,64.24,79.35142857142857,11.408624557136893,6.68,0
2022-04-26,80.5,800.0,6.89,4,80.6,66.93,6.42,81.75,67.57,79.98285714285714,11.325857898757588,6.94,1
2022-04-27,74.76,8800.0,6.91,4,80.5,101.85,6.89,80.6,40.03,81.92142857142856,9.774407788661142,7.48,2
2022-04-28,64.0,1600.0,6.97,4,74.76,83.35,6.91,80.5,38.22,78.05142857142857,4.5191091621071395,7.44,3
2022-04-29,87.23,8800.0,6.84,4,64.0,72.4,6.97,74.76,47.36,75.28714285714285,6.303609321347912,7.12,4
2022-05-02,94.36,24000.0,7.3,5,87.23,73.0,6.84,64.0,52.99,77.4057142857143,7.542002070941676,6.88,0
2022-05-03,107.33,15200.0,7.84,5,94.36,81.75,7.3,87.23,45.77,80.45714285714287,9.523214993347379,6.59,1
2022-05-04,96.65,8000.0,8.3,5,107.33,80.6,7.84,94.36,51.79,84.11142857142856,13.97111356641645,6.42,2
2022-05-05,86.4,8800.0,8.42,5,96.65,80.5,8.3,107.33,58.44,86.40428571428572,14.60158308442682,6.89,3
2022-05-06,85.0,2400.0,8.35,5,86.4,74.76,8.42,96.65,57.54,87.24714285714286,14.372450167230168,6.91,4
2022-05-09,78.09,13600.0,8.06,5,85.0,64.0,8.35,86.4,45.5,88.71000000000001,13.376255081299483,6.97,0
2022-05-11,113.2,8000.0,7.53,5,78.09,87.23,8.06,85.0,55.21,90.72285714285715,9.551477572057294,6.84,2
2022-05-12,94.1,2400.0,7.25,5,113.2,94.36,7.53,78.09,44.38,94.43285714285715,12.543640771702306,7.3,3
2022-05-16,84.85,21600.0,8.07,5,94.1,107.33,7.25,113.2,41.34,94.39571428571428,12.54427739003263,7.84,0
2022-05-17,88.58,20800.0,8.26,5,84.85,96.65,8.07,94.1,44.36,91.18428571428572,11.516548755511995,8.3,1
2022-05-18,141.0,4000.0,8.53,5,88.58,86.4,8.26,84.85,41.25,90.03142857142856,11.279702165942632,8.42,2
2022-05-19,170.36,14400.0,8.21,5,141.0,85.0,8.53,88.58,42.45,97.83142857142856,22.06852240074918,8.35,3
2022-05-23,73.99,11200.0,8.16,5,170.36,78.09,8.21,141.0,42.8,110.0257142857143,34.10024919612875,8.06,0
2022-05-24,82.33,4800.0,8.87,5,73.99,113.2,8.16,170.36,47.5,109.43999999999998,34.768863944627014,7.53,1
2022-05-25,92.6,4800.0,9.44,5,82.33,94.1,8.87,73.99,74.97,105.03,36.143051891061795,7.25,2
2022-05-26,92.58,4800.0,9.19,5,92.6,84.85,9.44,82.33,82.46,104.8157142857143,36.22301241712807,8.07,3
2022-05-27,152.09,16000.0,8.3,5,92.58,88.58,9.19,92.6,76.25,105.91999999999999,35.62580197927693,8.26,4
2022-05-31,122.09,15200.0,8.46,5,152.09,141.0,8.3,92.58,77.91,114.99285714285715,38.449019802974256,8.53,1
2022-06-01,98.31,10400.0,8.47,6,122.09,170.36,8.46,152.09,76.18,112.29142857142858,36.95239434216721,8.21,2
2022-06-02,86.45,8800.0,8.9,6,98.31,73.99,8.47,122.09,66.93,101.99857142857142,26.692064006973443,8.16,3
2022-06-03,90.69,17600.0,8.34,6,86.45,82.33,8.9,98.31,101.85,103.77857142857144,24.865963637450957,8.87,4
2022-06-06,95.44,13600.0,9.08,6,90.69,92.6,8.34,86.45,83.35,104.97285714285714,23.84387462521229,9.44,0
2022-06-07,109.65,9600.0,9.28,6,95.44,92.58,9.08,90.69,72.4,105.37857142857142,23.621380448350166,9.19,1
2022-06-08,104.35,4000.0,9.43,6,109.65,152.09,9.28,95.44,73.0,107.81714285714285,22.951517534639006,8.3,2
2022-06-09,83.76,15200.0,8.16,6,104.35,122.09,9.43,109.65,81.75,100.99714285714286,12.158545299891353,8.46,3
2022-06-10,122.11,7200.0,8.78,6,83.76,98.31,8.16,104.35,80.6,95.52142857142857,9.392440982994525,8.47,4
2022-06-13,177.56,24800.0,9.0,6,122.11,86.45,8.78,83.76,80.5,98.92142857142858,13.82970044092427,8.9,0
2022-06-14,186.21,27200.0,7.68,6,177.56,90.69,9.0,122.11,74.76,111.93714285714285,31.59691531056221,8.34,1
2022-06-15,212.5,22400.0,7.72,6,186.21,95.44,7.68,177.56,64.0,125.58285714285715,40.314943347880785,9.08,2
2022-06-16,189.35,21600.0,7.88,6,212.5,109.65,7.72,186.21,87.23,142.3057142857143,49.05810869337916,9.28,3
2022-06-17,107.48,28800.0,7.37,6,189.35,104.35,7.88,212.5,94.36,153.6914285714286,49.46297586025686,9.43,4
2022-06-21,119.55,16800.0,6.6,6,107.48,83.76,7.37,189.35,107.33,154.13857142857142,48.95412118455762,8.16,1
2022-06-22,90.55,20800.0,6.76,6,119.55,122.11,6.6,107.48,96.65,159.25142857142856,41.71185420180157,8.78,2
2022-06-23,101.56,6400.0,6.54,6,90.55,177.56,6.76,119.55,86.4,154.74285714285716,47.674910842176686,9.0,3
2022-06-24,99.36,17600.0,5.8,6,101.56,186.21,6.54,90.55,85.0,143.8857142857143,50.19965831794148,7.68,4
2022-06-27,83.22,12000.0,6.09,6,99.36,212.5,5.8,101.56,78.09,131.47857142857143,48.706036391317674,7.72,0
2022-06-28,95.39,16800.0,6.66,6,83.22,189.35,6.09,99.36,113.2,113.01,35.614764728503445,7.88,1
2022-06-29,129.88,17600.0,6.69,6,95.39,107.48,6.66,83.22,94.1,99.58714285714287,11.77515706092767,7.37,2
2022-06-30,123.75,20000.0,6.54,6,129.88,119.55,6.69,95.39,84.85,102.78714285714285,16.409377110141847,6.6,3
2022-07-01,119.35,16000.0,5.75,7,123.75,90.55,6.54,129.88,88.58,103.38714285714286,17.18300489270858,6.76,4
2022-07-05,120.43,18400.0,5.72,7,119.35,101.56,5.75,123.75,141.0,107.50142857142858,17.044368990540622,6.54,1
2022-07-06,106.79,4800.0,5.65,7,120.43,99.36,5.72,119.35,170.36,110.19714285714285,17.435798150438796,5.8,2
2022-07-07,106.2,8000.0,5.83,7,106.79,83.22,5.65,120.43,73.99,111.25857142857144,16.88352691093802,6.09,3
2022-07-08,99.69,3200.0,6.4,7,106.2,95.39,5.83,106.79,82.33,114.54142857142857,12.071374443383291,6.66,4
2022-07-11,113.96,5600.0,6.82,7,99.69,129.88,6.4,106.2,92.6,115.1557142857143,10.99586870471882,6.69,0
2022-07-12,107.73,10400.0,6.81,7,113.96,123.75,6.82,99.69,92.58,112.88142857142857,8.887006298656923,6.54,1
2022-07-13,104.0,21600.0,6.68,7,107.73,119.35,6.81,113.96,152.09,110.59285714285714,7.589705120063054,5.75,2
2022-07-14,91.13,6400.0,6.9,7,104.0,120.43,6.68,107.73,122.09,108.39999999999999,6.815907863226159,5.72,3
2022-07-15,105.53,16800.0,6.6,7,91.13,106.79,6.9,104.0,98.31,104.21428571428571,7.183664007414187,5.65,4
2022-07-18,142.99,7200.0,7.65,7,105.53,106.2,6.6,91.13,86.45,104.03428571428572,7.123905429707648,5.83,0
2022-07-19,165.06,24800.0,7.35,7,142.99,99.69,7.65,105.53,90.69,109.28999999999999,16.451949225952568,6.4,1
2022-07-20,165.08,17600.0,7.58,7,165.06,113.96,7.35,142.99,95.44,118.62857142857142,25.921902854903085,6.82,2
2022-07-21,150.31,24000.0,7.99,7,165.08,107.73,7.58,165.06,109.65,125.93142857142858,31.075949665602025,6.81,3
2022-07-22,146.8,11200.0,8.25,7,150.31,104.0,7.99,165.08,104.35,132.0142857142857,31.08671359125539,6.68,4
2022-07-25,107.11,27200.0,8.52,7,146.8,91.13,8.25,150.31,83.76,138.12857142857143,28.782020677598243,6.9,0
2022-07-26,121.33,4800.0,9.46,7,107.11,105.53,8.52,146.8,122.11,140.4114285714286,24.78989809618074,6.6,1
2022-07-27,123.19,10400.0,8.65,7,121.33,142.99,9.46,107.11,177.56,142.66857142857143,21.598450120761548,7.65,2
2022-07-28,107.65,8000.0,8.75,7,123.19,165.06,8.65,121.33,186.21,139.84,22.811780582262998,7.35,3
2022-07-29,115.93,8000.0,8.33,7,107.65,165.08,8.75,123.19,212.5,131.63857142857142,22.55204235287116,7.58,4
2022-08-01,124.53,6400.0,8.2,8,115.93,150.31,8.33,107.65,189.35,124.61714285714285,17.487588660042288,7.99,0
2022-08-02,137.81,13600.0,8.01,8,124.53,146.8,8.2,115.93,107.48,120.93428571428572,13.415384026236904,8.25,1
2022-08-03,136.19,9600.0,7.81,8,137.81,107.11,8.01,124.53,119.55,119.64999999999999,10.677421661305567,8.52,2
2022-08-04,125.54,9600.0,8.4,8,136.19,121.33,7.81,137.81,90.55,123.80428571428571,10.642347574888948,9.46,3
2022-08-05,130.88,1600.0,8.3,8,125.54,123.19,8.4,136.19,101.56,124.4057142857143,10.598081362747275,8.65,4
2022-08-08,155.84,20000.0,7.76,8,130.88,107.65,8.3,125.54,99.36,125.50428571428571,10.846707422289224,8.75,0
2022-08-09,121.1,4000.0,7.87,8,155.84,115.93,7.76,130.88,83.22,132.38857142857142,12.751684109129576,8.33,1
2022-08-10,105.11,5600.0,7.86,8,121.1,124.53,7.87,155.84,95.39,133.12714285714284,11.749904558882045,8.2,2
2022-08-11,86.18,7200.0,8.53,8,105.11,137.81,7.86,121.1,129.88,130.35285714285712,15.734962889782672,8.01,3
2022-08-12,86.71,5600.0,8.73,8,86.18,136.19,8.53,105.11,123.75,122.97714285714287,22.36201594541153,7.81,4
2022-08-15,98.14,5600.0,8.62,8,86.71,125.54,8.73,86.18,119.35,115.90857142857142,25.137394739425535,8.4,0
2022-08-16,100.6,2400.0,9.28,8,98.14,130.88,8.62,86.71,120.43,111.99428571428572,25.518091528131183,8.3,1
2022-08-17,105.74,7200.0,9.51,8,100.6,155.84,9.28,98.14,106.79,107.66857142857143,24.321509292922194,7.76,2
2022-08-18,116.5,4000.0,9.42,8,105.74,121.1,9.51,100.6,106.2,100.51142857142857,12.06838076486247,7.87,3
2022-08-19,106.19,14400.0,9.14,8,116.5,105.11,9.42,105.74,99.69,99.85428571428572,10.82125355822591,7.86,4
2022-08-22,115.94,3200.0,9.85,8,106.19,86.18,9.14,116.5,113.96,100.00857142857144,10.915961445777581,8.53,0
2022-08-23,134.38,3200.0,9.75,8,115.94,86.71,9.85,106.19,107.73,104.25999999999999,10.416395729809196,8.73,1
2022-08-24,126.46,17600.0,9.27,8,134.38,98.14,9.75,115.94,104.0,111.06999999999998,12.420326082675349,8.62,2
2022-08-25,115.52,4800.0,9.47,8,126.46,100.6,9.27,134.38,91.13,115.11571428571428,12.115276660952208,9.28,3
2022-08-26,147.32,9600.0,9.48,8,115.52,105.74,9.47,126.46,105.53,117.24714285714286,10.31452166330758,9.51,4
2022-08-29,140.63,24800.0,9.24,8,147.32,116.5,9.48,115.52,142.99,123.18714285714285,13.924279411978203,9.42,0
2022-08-30,110.21,8800.0,9.1,8,140.63,106.19,9.24,147.32,165.06,126.63428571428572,14.94249628536268,9.14,1
2022-08-31,113.61,9600.0,8.93,8,110.21,115.94,9.1,140.63,165.08,127.20857142857142,14.07804961464347,9.85,2
2022-09-01,115.61,5600.0,9.38,9,113.61,134.38,8.93,110.21,150.31,126.87571428571428,14.412458565586377,9.75,3
2022-09-02,107.88,14400.0,9.18,9,115.61,126.46,9.38,113.61,146.8,124.19428571428571,14.529196877485854,9.27,4
2022-09-06,101.47,14400.0,8.52,9,107.88,115.52,9.18,115.61,107.11,121.53999999999999,15.696555885500803,9.47,1
2022-09-07,96.31,6400.0,8.12,9,101.47,147.32,8.52,107.88,121.33,119.53285714285714,17.40045661688722,9.48,2
2022-09-08,106.08,13600.0,8.27,9,96.31,140.63,8.12,101.47,123.19,112.24571428571429,14.213338637986512,9.24,3
2022-09-09,111.48,11200.0,8.31,9,106.08,110.21,8.27,96.31,107.65,107.30999999999999,6.756890310390765,9.1,4
2022-09-12,108.89,3200.0,8.2,9,111.48,113.61,8.31,106.08,115.93,107.49142857142859,6.863938200408971,8.93,0
2022-09-13,107.42,24000.0,8.49,9,108.89,115.61,8.2,111.48,124.53,106.81714285714285,6.377281851189411,9.38,1
2022-09-14,106.33,2400.0,8.7,9,107.42,107.88,8.49,108.89,137.81,105.64714285714285,5.123233725832742,9.18,2
2022-09-15,108.89,3200.0,8.6,9,106.33,101.47,8.7,107.42,136.19,105.42571428571429,5.043520123691537,8.52,3
2022-09-16,152.25,6400.0,8.11,9,108.89,96.31,8.6,106.33,125.54,106.48571428571428,4.849587120372345,8.12,4
2022-09-19,120.03,24800.0,7.96,9,152.25,106.08,8.11,108.89,130.88,114.47714285714287,16.757561193170147,8.27,0
2022-09-20,130.11,12000.0,8.01,9,120.03,111.48,7.96,152.25,155.84,116.47,16.418571801468744,8.31,1
2022-09-21,93.04,20000.0,7.99,9,130.11,108.89,8.01,120.03,121.1,119.13142857142857,16.975394377913535,8.2,2
2022-09-22,73.08,16000.0,7.76,9,93.04,107.42,7.99,130.11,105.11,116.86714285714287,19.44638330923024,8.49,3
2022-09-23,68.61,12000.0,6.75,9,73.08,106.33,7.76,93.04,86.18,111.96142857142857,25.58832443945936,8.7,4
2022-09-26,54.49,13600.0,6.75,9,68.61,108.89,6.75,73.08,86.71,106.57285714285715,30.476631875523534,8.6,0
2022-09-27,63.96,9600.0,6.83,9,54.49,152.25,6.75,68.61,98.14,98.80142857142857,36.18802676234736,8.11,1
2022-09-28,62.39,16800.0,6.59,9,63.96,120.03,6.83,54.49,100.6,86.18857142857144,29.157691625922155,7.96,2
2022-09-29,67.11,15200.0,6.57,9,62.39,130.11,6.59,63.96,105.74,77.95428571428572,25.97284277673033,8.01,3
2022-09-30,72.06,3200.0,6.4,9,67.11,93.04,6.57,62.39,116.5,68.95428571428572,12.096220976187317,7.99,4
2022-10-03,73.63,8800.0,5.64,10,72.06,73.08,6.4,67.11,106.19,65.95714285714287,6.38429248046978,7.76,0
2022-10-04,73.53,8800.0,5.4,10,73.63,68.61,5.64,72.06,115.94,66.03571428571429,6.489087910080613,6.75,1
2022-10-05,72.62,12800.0,5.84,10,73.53,54.49,5.4,73.63,134.38,66.73857142857143,7.056071684658539,6.75,2
2022-10-06,74.43,16000.0,6.91,10,72.62,63.96,5.84,73.53,126.46,69.32857142857144,4.766827836102289,6.83,3
2022-10-07,77.67,4800.0,6.25,10,74.43,62.39,6.91,72.62,115.52,70.82428571428572,4.4324329554719375,6.59,4
2022-10-11,73.56,7200.0,6.2,10,77.67,67.11,6.25,74.43,147.32,73.00714285714285,3.168894204005861,6.57,1
2022-10-13,72.37,14400.0,6.25,10,73.56,72.06,6.2,77.67,140.63,73.92857142857143,1.8183089998784405,6.4,3
2022-10-14,92.85,16800.0,6.1,10,72.37,73.63,6.25,73.56,110.21,73.97285714285714,1.768301579533814,5.64,4
2022-10-17,90.57,15200.0,6.08,10,92.85,73.53,6.1,72.37,113.61,76.71857142857142,7.328229500980335,5.4,0
2022-10-18,86.58,8000.0,6.16,10,90.57,72.62,6.08,92.85,115.61,79.15285714285714,8.77907116249669,5.84,1
2022-10-19,82.72,12000.0,5.63,10,86.58,74.43,6.16,90.57,107.88,81.14714285714285,8.632077220625833,6.91,2
2022-10-20,63.83,7200.0,5.1,10,82.72,77.67,5.63,86.58,101.47,82.33142857142856,8.109795370560905,6.25,3
2022-10-21,56.03,7200.0,4.45,10,63.83,73.56,5.1,82.72,96.31,80.35428571428572,10.706874516157939,6.2,4
2022-10-24,62.74,9600.0,4.81,10,56.03,72.37,4.45,63.83,106.08,77.85,14.079721824903265,6.25,0
2022-10-25,66.73,7200.0,5.17,10,62.74,92.85,4.81,56.03,111.48,76.4742857142857,15.135306248572775,6.1,1
2022-10-26,62.97,2400.0,5.28,10,66.73,90.57,5.17,62.74,108.89,72.74285714285715,13.563352233482517,6.08,2
2022-10-27,62.8,8000.0,5.3,10,62.97,86.58,5.28,66.73,107.42,68.8,11.348024791418922,6.16,3
2022-10-28,62.61,12800.0,5.02,10,62.8,82.72,5.3,62.97,106.33,65.40285714285714,8.28405640228159,5.63,4
2022-10-31,63.63,6400.0,5.02,10,62.61,63.83,5.02,62.8,108.89,62.53000000000001,3.211878993153243,5.1,0
2022-11-01,49.84,9600.0,4.57,11,63.63,56.03,5.02,62.61,152.25,62.501428571428576,3.1992521447530073,4.45,1
2022-11-02,50.14,12800.0,4.58,11,49.84,62.74,4.57,63.63,120.03,61.61714285714286,5.390886489516325,4.81,2
2022-11-03,39.81,29600.0,4.65,11,50.14,66.73,4.58,49.84,130.11,59.817142857142855,6.857525584556709,5.17,3
2022-11-04,49.0,35200.0,4.0,11,39.81,62.97,4.65,50.14,93.04,55.971428571428575,9.408555377193,5.28,4
2022-11-07,46.12,8800.0,4.62,11,49.0,62.8,4.0,39.81,73.08,53.97571428571428,9.154836348696888,5.3,0
2022-11-08,49.0,3200.0,4.0,11,46.12,62.61,4.62,49.0,68.61,51.59285714285714,8.630993983478993,5.02,1
2022-11-09,44.37,7200.0,3.46,11,49.0,63.63,4.0,46.12,54.49,49.64857142857142,7.139655520567823,5.02,2
2022-11-10,44.82,12800.0,4.8,11,44.37,49.84,3.46,49.0,63.96,46.89714285714285,3.7691409909311853,4.57,3
2022-11-11,78.97,9600.0,4.8,11,44.82,50.14,4.8,44.37,62.39,46.18,3.5891642481215573,4.58,4
2022-11-14,88.05,18400.0,6.24,11,78.97,39.81,4.8,44.82,67.11,50.298571428571435,13.025978438708847,4.65,0
2022-11-15,89.68,5600.0,5.9,11,88.05,49.0,6.24,78.97,72.06,57.190000000000005,18.26095287765654,4.0,1
2022-11-16,87.89,17600.0,5.88,11,89.68,46.12,5.9,88.05,73.63,63.00142857142857,21.41996531943286,4.62,2
2022-11-17,87.39,15200.0,6.2,11,87.89,49.0,5.88,89.68,73.53,68.96857142857144,21.74894742937473,4.0,3
2022-11-18,83.66,37600.0,6.1,11,87.39,44.37,6.2,87.89,72.62,74.45285714285716,20.688820422541767,3.46,4
2022-11-21,68.05,8000.0,6.23,11,83.66,44.82,6.1,87.39,74.43,80.0657142857143,15.955290509360378,4.8,0
2022-11-22,52.56,11200.0,6.27,11,68.05,78.97,6.23,83.66,77.67,83.38428571428571,7.664358762354811,4.8,1
2022-11-23,49.0,800.0,6.57,11,52.56,88.05,6.27,68.05,73.56,79.61142857142856,14.044357619783508,6.24,2
2022-11-28,58.25,8000.0,6.0,11,49.0,89.68,6.57,52.56,72.37,74.03285714285714,17.471265661351342,5.9,0
2022-11-29,60.25,26400.0,6.03,11,58.25,87.89,6.0,49.0,92.85,69.54285714285713,16.80583005416618,5.88,1
2022-11-30,75.04,11200.0,7.0,11,60.25,87.39,6.03,58.25,90.57,65.5942857142857,14.917643756240029,6.2,2
2022-12-01,61.4,20000.0,6.33,12,75.04,83.66,7.0,60.25,86.58,63.83,12.43379802527472,6.1,3
2022-12-02,55.52,12800.0,4.92,12,61.4,68.05,6.33,75.04,82.72,60.64999999999999,8.84576358113453,6.23,4
2022-12-05,53.53,10400.0,4.15,12,55.52,52.56,4.92,61.4,63.83,58.86000000000001,8.352777981006854,6.27,0
2022-12-06,50.36,5600.0,4.58,12,53.53,49.0,4.15,55.52,56.03,58.99857142857143,8.238101376270336,6.57,1
2022-12-07,56.13,17600.0,4.49,12,50.36,58.25,4.58,53.53,62.74,59.19285714285714,7.974826464748311,6.0,2
2022-12-08,61.47,7200.0,4.79,12,56.13,60.25,4.49,50.36,66.73,58.89,8.056438419052984,6.03,3
2022-12-09,66.0,800.0,4.98,12,61.47,75.04,4.79,56.13,62.97,59.064285714285724,8.103819793041314,7.0,4
2022-12-12,81.89,11200.0,6.73,12,66.0,61.4,4.98,61.47,62.8,57.77285714285714,5.404281371547028,6.33,0
2022-12-13,101.91,12800.0,7.2,12,81.89,55.52,6.73,66.0,62.61,60.7,10.675055034986595,4.92,1
2022-12-14,80.18,16800.0,6.54,12,101.91,53.53,7.2,81.89,63.63,67.32714285714285,18.47403286984686,4.15,2
2022-12-15,78.75,7200.0,6.8,12,80.18,50.36,6.54,101.91,49.84,71.13428571428571,17.89373154407486,4.58,3
2022-12-16,124.97,10400.0,6.63,12,78.75,56.13,6.8,80.18,50.14,75.19000000000001,15.450998888960452,4.49,4
2022-12-19,85.45,13600.0,6.08,12,124.97,61.47,6.63,78.75,39.81,85.02428571428571,21.87149122879868,4.79,0
2022-12-20,79.86,5600.0,5.28,12,85.45,66.0,6.08,124.97,49.0,88.45,19.29335377792022,4.98,1
2022-12-21,69.11,20000.0,6.13,12,79.86,81.89,5.28,85.45,46.12,90.42999999999999,17.203409545784467,6.73,2
2022-12-22,181.75,40800.0,7.1,12,69.11,101.91,6.13,79.86,49.0,88.60428571428572,18.859223965248862,7.2,3
2022-12-27,81.55,5600.0,4.88,12,181.75,80.18,7.1,69.11,44.37,100.01,40.25434096674113,6.54,1
2022-12-28,51.75,3200.0,4.06,12,81.55,78.75,4.88,181.75,44.82,100.20571428571428,40.145041975791756,6.8,2
2022-12-29,40.85,4000.0,3.78,12,51.75,124.97,4.06,81.55,78.97,96.34857142857142,43.690601746283704,6.63,3
2022-12-30,34.43,6400.0,3.52,12,40.85,85.45,3.78,51.75,88.05,84.33142857142857,46.01310553475358,6.08,4
2023-01-03,36.5,1600.0,3.64,1,34.43,79.86,3.52,40.85,89.68,77.04285714285713,49.69955355744671,5.28,1
2023-01-04,40.65,4000.0,3.75,1,36.5,69.11,3.64,34.43,87.89,70.84857142857143,51.94143574853355,6.13,2
2023-01-05,45.75,2400.0,3.78,1,40.65,181.75,3.75,36.5,87.39,66.78285714285714,53.19883667721989,7.1,3
2023-01-06,49.25,8000.0,3.43,1,45.75,81.55,3.78,40.65,83.66,47.354285714285716,16.141813050937728,4.88,4
2023-01-09,44.9,4800.0,3.65,1,49.25,51.75,3.43,45.75,68.05,42.74,6.436279981479652,4.06,0
2023-01-10,47.5,2400.0,3.32,1,44.9,40.85,3.65,49.25,52.56,41.761428571428574,5.249388626533266,3.78,1
2023-01-11,37.91,8000.0,3.41,1,47.5,34.43,3.32,44.9,49.0,42.71142857142858,5.643868143307684,3.52,2
2023-01-17,39.56,17600.0,3.43,1,37.91,36.5,3.41,47.5,58.25,43.208571428571425,4.8966159354234895,3.64,1
2023-01-18,37.23,8000.0,3.2,1,39.56,40.65,3.43,37.91,60.25,43.645714285714284,4.297878768038655,3.75,2
2023-01-19,38.16,6400.0,2.91,1,37.23,45.75,3.2,39.56,75.04,43.15714285714286,4.8536368298613075,3.78,3
2023-01-20,46.97,6400.0,3.15,1,38.16,49.25,2.91,37.23,61.4,42.07285714285714,5.022707484632797,3.43,4
2023-01-23,43.97,20000.0,3.43,1,46.97,44.9,3.15,38.16,55.52,41.74714285714286,4.529413921931442,3.65,0
2023-01-24,43.5,45600.0,3.35,1,43.97,47.5,3.43,46.97,53.53,41.614285714285714,4.4341585340127185,3.32,1
2023-01-25,38.8,34400.0,3.09,1,43.5,37.91,3.35,43.97,50.36,41.042857142857144,3.7549776487821007,3.41,2
2023-01-26,35.29,14400.0,2.72,1,38.8,39.56,3.09,43.5,56.13,41.17,3.644667337356866,3.43,3
2023-01-27,39.22,52000.0,2.83,1,35.29,37.23,2.72,38.8,61.47,40.559999999999995,4.263785485535449,3.2,4
2023-01-30,48.02,23200.0,2.82,1,39.22,38.16,2.83,35.29,66.0,40.84428571428571,4.066533565346692,2.91,0
2023-01-31,46.42,19200.0,2.65,1,48.02,46.97,2.82,39.22,81.89,42.25285714285714,4.647887384915101,3.15,1
2023-02-01,44.37,52800.0,2.65,2,46.42,43.97,2.65,48.02,101.91,42.174285714285716,4.558646937936487,3.43,2
2023-02-02,112.78,62400.0,2.67,2,44.37,43.5,2.65,46.42,80.18,42.23142857142857,4.587324669024792,3.35,3
2023-02-03,32.24,16800.0,2.4,2,112.78,38.8,2.67,44.37,78.75,52.128571428571426,27.129562245252714,3.09,4
2023-02-06,27.33,8000.0,2.17,2,32.24,35.29,2.4,112.78,124.97,51.19142857142857,27.77239542457657,2.72,0
2023-02-07,25.44,7200.0,2.35,2,27.33,39.22,2.17,32.24,85.45,50.05428571428571,28.680121952984955,2.83,1
2023-02-08,23.62,15200.0,2.4,2,25.44,48.02,2.35,27.33,79.86,48.08571428571429,29.990695144295838,2.82,2
2023-02-09,27.13,7200.0,2.4,2,23.62,46.42,2.4,25.44,69.11,44.60000000000001,31.385150947541984,2.65,3
2023-02-10,29.13,3200.0,2.37,2,27.13,44.37,2.4,23.62,181.75,41.84428571428572,32.03877070942992,2.65,4
2023-02-13,23.79,10400.0,2.42,2,29.13,112.78,2.37,27.13,81.55,39.667142857142856,32.354781055399734,2.67,0
2023-02-14,22.41,15200.0,2.42,2,23.79,32.24,2.42,29.13,51.75,26.954285714285714,3.0623458173042635,2.4,1
2023-02-15,26.99,18400.0,2.45,2,22.41,27.33,2.42,23.79,40.85,25.55,2.421273769458129,2.17,2
2023-02-16,33.87,23200.0,2.48,2,26.99,25.44,2.45,22.41,34.43,25.50142857142857,2.382718535422709,2.35,3
2023-02-17,29.91,23200.0,2.28,2,33.87,23.62,2.48,26.99,36.5,26.705714285714286,3.9568752703062247,2.4,4
2023-02-21,28.67,11200.0,2.12,2,29.91,27.13,2.28,33.87,40.65,27.604285714285712,3.8521632759737434,2.4,1
2023-02-22,25.24,38400.0,2.07,2,28.67,29.13,2.12,29.91,45.75,27.824285714285715,3.864517465104026,2.37,2
2023-02-23,35.32,30400.0,2.17,2,25.24,23.79,2.07,28.67,49.25,27.268571428571427,3.9246843973810885,2.42,3
2023-02-24,31.92,13600.0,2.36,2,35.32,22.41,2.17,25.24,44.9,28.915714285714284,4.585345705406933,2.42,4
2023-02-27,30.31,31200.0,2.55,2,31.92,26.99,2.36,35.32,47.5,30.274285714285714,3.649971950315988,2.45,0
2023-02-28,30.66,15200.0,2.5,2,30.31,33.87,2.55,31.92,37.91,30.74857142857143,3.355937169512032,2.48,1
2023-03-01,28.65,4800.0,2.59,3,30.66,29.91,2.5,30.31,39.56,30.29,3.0650285479907446,2.28,2
2023-03-02,36.88,25600.0,2.67,3,28.65,28.67,2.59,30.66,37.23,30.110000000000003,3.127427057502428,2.12,3
2023-03-03,33.37,28000.0,2.66,3,36.88,25.24,2.67,28.65,38.16,31.282857142857143,3.933084939694943,2.07,4
2023-03-06,35.11,4800.0,2.46,3,33.37,35.32,2.66,36.88,46.97,32.44428571428572,2.9215455792142495,2.17,0
2023-03-07,36.83,18400.0,2.52,3,35.11,31.92,2.46,33.37,43.97,32.41428571428571,2.8879800157595157,2.36,1
2023-03-08,32.11,23200.0,2.5,3,36.83,30.31,2.52,35.11,43.5,33.11571428571428,3.312923467990092,2.55,2
2023-03-09,35.78,6400.0,2.5,3,32.11,30.66,2.5,36.83,38.8,33.37285714285714,3.1232820039484124,2.5,3
2023-03-10,40.08,4800.0,2.4,3,35.78,28.65,2.5,32.11,35.29,34.104285714285716,2.9782313383549086,2.59,4
2023-03-13,40.55,15200.0,2.4,3,40.08,36.88,2.4,35.78,39.22,35.73714285714286,2.598574700905759,2.67,0
2023-03-14,34.08,21600.0,2.65,3,40.55,33.37,2.4,40.08,48.02,36.26142857142857,3.174084794978096,2.66,1
2023-03-15,30.85,4000.0,2.45,3,34.08,35.11,2.65,40.55,46.42,36.362857142857145,3.0761215531120745,2.46,2
2023-03-16,27.46,22400.0,2.45,3,30.85,36.83,2.45,34.08,44.37,35.754285714285714,3.7194213579658073,2.52,3
2023-03-20,30.63,12000.0,2.23,3,27.46,32.11,2.45,30.85,112.78,34.41571428571429,4.797571806455066,2.5,0
2023-03-21,26.54,7200.0,1.93,3,30.63,35.78,2.23,27.46,32.24,34.20428571428572,4.946422468622406,2.5,1
2023-03-22,25.89,16800.0,2.03,3,26.54,40.08,1.93,30.63,27.33,32.88428571428571,5.640097094739849,2.4,2
2023-03-23,24.93,21600.0,2.08,3,25.89,40.55,2.03,26.54,25.44,30.857142857142858,5.151710765320773,2.4,3
2023-03-24,29.98,2400.0,2.04,3,24.93,34.08,2.08,25.89,23.62,28.625714285714285,3.305686298601335,2.65,4
2023-03-27,31.1,3200.0,2.04,3,29.98,30.85,2.04,24.93,27.13,28.04,2.423798671506946,2.45,0
2023-03-28,26.3,32800.0,2.02,3,31.1,27.46,2.04,29.98,29.13,28.075714285714287,2.4734379390019203,2.45,1
2023-03-29,26.16,15200.0,1.94,3,26.3,30.63,2.02,31.1,23.79,27.91,2.5589450951512944,2.23,2
2023-03-30,24.26,12800.0,1.95,3,26.16,26.54,1.94,26.3,22.41,27.271428571428572,2.312966555251785,1.93,3
2023-03-31,30.06,16000.0,2.1,3,24.26,25.89,1.95,26.16,26.99,26.945714285714285,2.578435295179554,2.03,4
2023-04-03,29.58,8800.0,2.09,4,30.06,24.93,2.1,24.26,33.87,27.541428571428572,2.7685762199573336,2.08,0
2023-04-04,35.67,17600.0,2.13,4,29.58,29.98,2.09,30.06,29.91,28.205714285714286,2.589638695151769,2.04,1
2023-04-05,42.74,28000.0,2.17,4,35.67,31.1,2.13,29.58,28.67,29.018571428571427,3.8336163456601744,2.04,2
2023-04-06,28.06,3200.0,2.18,4,42.74,26.3,2.17,35.67,25.24,30.681428571428572,6.490625107469422,2.02,3
2023-04-10,30.14,9600.0,2.15,4,28.06,26.16,2.18,42.74,35.32,30.93285714285714,6.324578284454117,1.94,0
2023-04-11,31.39,7200.0,2.19,4,30.14,24.26,2.15,28.06,31.92,31.50142857142857,5.994265116401864,1.95,1
2023-04-12,37.32,32800.0,2.22,4,31.39,30.06,2.19,30.14,30.31,32.52,5.097368602197055,2.1,2
2023-04-13,37.61,22400.0,2.04,4,37.32,29.58,2.22,31.39,30.66,33.55714285714286,5.249726069950817,2.09,3
2023-04-14,33.11,8000.0,1.87,4,37.61,35.67,2.04,37.32,28.65,34.70428571428572,5.111330085026048,2.13,4
2023-04-17,32.8,7200.0,2.21,4,33.11,42.74,1.87,37.61,36.88,34.33857142857143,5.122289294743597,2.17,0
2023-04-18,32.33,8000.0,2.23,4,32.8,28.06,2.21,33.11,33.37,32.91857142857143,3.5377838099171477,2.18,1
2023-04-19,38.49,35200.0,2.2,4,32.33,30.14,2.23,32.8,35.11,33.528571428571425,2.864480340139388,2.15,2
2023-04-20,44.9,23200.0,2.19,4,38.49,31.39,2.2,32.33,36.83,34.721428571428575,2.9553478564084625,2.19,3
2023-04-21,36.57,12000.0,2.2,4,44.9,37.32,2.19,38.49,32.11,36.651428571428575,4.450376121076089,2.22,4
2023-04-24,39.67,29600.0,2.19,4,36.57,37.61,2.2,44.9,35.78,36.544285714285714,4.440615036766705,2.04,0
2023-04-25,33.04,5600.0,2.21,4,39.67,33.11,2.19,36.57,40.08,36.83857142857143,4.588799511024375,1.87,1
2023-04-26,34.61,11200.0,2.19,4,33.04,32.8,2.21,39.67,40.55,36.82857142857143,4.59834545813791,2.21,2
2023-04-27,33.06,11200.0,2.17,4,34.61,32.33,2.19,33.04,34.08,37.08714285714286,4.3797515693838545,2.23,3
2023-04-28,33.87,5600.0,2.27,4,33.06,38.49,2.17,34.61,30.85,37.191428571428574,4.2545012577712855,2.2,4
2023-05-01,33.55,17600.0,2.24,5,33.87,44.9,2.27,33.06,27.46,36.53142857142857,4.376091972568403,2.19,0
2023-05-02,35.63,4800.0,2.12,5,33.55,36.57,2.24,33.87,30.63,34.91,2.4274060228970966,2.2,1
2023-05-03,36.83,9600.0,2.01,5,35.63,39.67,2.12,33.55,26.54,34.77571428571429,2.3448657185630855,2.19,2
2023-05-04,30.8,8800.0,1.96,5,36.83,33.04,2.01,35.63,25.89,34.37,1.4203403348014518,2.21,3
2023-05-05,38.44,9600.0,1.85,5,30.8,34.61,1.96,36.83,24.93,34.050000000000004,1.930604395864322,2.19,4
2023-05-08,36.47,28000.0,2.12,5,38.44,33.06,1.85,30.8,29.98,34.597142857142856,2.5568973013245917,2.17,0
2023-05-09,34.84,20000.0,2.22,5,36.47,33.87,2.12,38.44,31.1,35.08428571428571,2.5400121859469413,2.27,1
2023-05-10,41.33,12000.0,2.12,5,34.84,33.55,2.22,36.47,26.3,35.222857142857144,2.4886657354603012,2.24,2
2023-05-11,47.85,24000.0,2.07,5,41.33,35.63,2.12,34.84,26.16,36.33428571428571,3.240693635333642,2.12,3
2023-05-12,34.78,7200.0,1.98,5,47.85,36.83,2.07,41.33,24.26,38.08,5.382000867087411,2.01,4
2023-05-15,38.49,6400.0,2.25,5,34.78,30.8,1.98,47.85,30.06,37.787142857142854,5.515474335254723,1.96,0
2023-05-16,32.17,8000.0,2.28,5,38.49,38.44,2.25,34.78,29.58,38.885714285714286,4.578001227401687,1.85,1
2023-05-17,29.25,3200.0,2.25,5,32.17,36.47,2.28,38.49,35.67,37.99,5.244594042122135,2.12,2
2023-05-18,30.62,15200.0,2.3,5,29.25,34.84,2.25,32.17,42.74,36.95857142857143,6.213760076291235,2.22,3
2023-05-19,36.14,6400.0,2.37,5,30.62,41.33,2.3,29.25,28.06,36.355714285714285,6.643417436688136,2.12,4
2023-05-22,35.79,24000.0,2.3,5,36.14,47.85,2.37,30.62,30.14,35.614285714285714,6.275149021186042,2.07,0
2023-05-23,32.35,9600.0,2.22,5,35.79,34.78,2.3,36.14,31.39,33.89142857142857,3.311733828733565,1.98,1
2023-05-24,27.03,18400.0,2.25,5,32.35,38.49,2.22,35.79,37.32,33.544285714285714,3.3303746393000067,2.25,2
2023-05-25,24.82,22400.0,2.23,5,27.03,32.17,2.25,32.35,37.61,31.907142857142862,3.3106530790044473,2.28,3
2023-05-26,32.83,16800.0,1.88,5,24.82,29.25,2.23,27.03,33.11,30.857142857142858,4.246636764490447,2.25,4
2023-05-30,38.96,16000.0,2.11,5,32.83,30.62,1.88,24.82,32.8,31.368571428571425,4.236387724509987,2.3,1
2023-05-31,45.79,24000.0,2.1,5,38.96,36.14,2.11,32.83,32.33,32.56,5.079612846139391,2.37,2
2023-06-01,53.82,49600.0,1.77,6,45.79,35.79,2.1,38.96,38.49,33.93857142857143,7.114868067578269,2.3,3
2023-06-02,31.97,12800.0,1.74,6,53.82,32.35,1.77,45.79,44.9,36.51428571428572,10.40137307785653,2.22,4
2023-06-05,32.37,41600.0,1.92,6,31.97,27.03,1.74,53.82,36.57,36.459999999999994,10.427687503308842,2.25,0
2023-06-06,29.52,13600.0,1.95,6,32.37,24.82,1.92,31.97,39.67,37.222857142857144,9.799230776419154,2.23,1
2023-06-07,27.36,18400.0,2.13,6,29.52,32.83,1.95,32.37,33.04,37.894285714285715,8.930257288459924,1.88,2
2023-06-08,26.6,8000.0,2.1,6,27.36,38.96,2.13,29.52,34.61,37.112857142857145,9.657007325056092,2.11,3
2023-06-09,29.26,11200.0,1.85,6,26.6,45.79,2.1,27.36,33.06,35.347142857142856,10.366860203368592,2.1,4
2023-06-12,23.8,21600.0,1.9,6,29.26,53.82,1.85,26.6,33.87,32.98571428571429,9.432182245098932,1.77,0
2023-06-13,27.46,12800.0,2.0,6,23.8,31.97,1.9,29.26,33.55,28.697142857142858,3.037634574718052,1.74,1
2023-06-14,31.23,22400.0,2.05,6,27.46,32.37,2.0,23.8,35.63,28.052857142857142,2.685657674175176,1.92,2
2023-06-15,27.26,3200.0,2.18,6,31.23,29.52,2.05,27.46,36.83,27.890000000000004,2.3995624601162016,1.95,3
2023-06-16,33.98,11200.0,2.13,6,27.26,27.36,2.18,31.23,30.8,27.56714285714286,2.293386973348111,2.13,4
2023-06-20,28.93,19200.0,2.38,6,33.98,26.6,2.13,27.26,38.44,28.512857142857147,3.326132460208988,2.1,1
2023-06-21,28.79,21600.0,2.24,6,28.93,29.26,2.38,33.98,36.47,28.845714285714283,3.2176174267244035,1.85,2
2023-06-22,33.66,44800.0,2.27,6,28.79,23.8,2.24,28.93,34.84,28.77857142857143,3.2124312110476345,1.9,3
2023-06-23,39.05,23200.0,2.22,6,33.66,27.46,2.27,28.79,41.33,30.187142857142856,2.8009505189349793,2.0,4
2023-06-26,34.21,20000.0,2.62,6,39.05,31.23,2.22,33.66,47.85,31.842857142857145,4.06191955560279,2.05,0
2023-06-27,35.67,29600.0,2.68,6,34.21,27.26,2.62,39.05,34.78,32.26857142857143,4.142348080382116,2.18,1
2023-06-29,41.99,26400.0,2.4,6,35.67,33.98,2.68,34.21,38.49,33.47,3.636257233291415,2.13,3
2023-06-30,39.39,15200.0,2.48,6,41.99,28.93,2.4,35.67,32.17,34.614285714285714,4.873376164230749,2.38,4
2023-07-03,46.94,14400.0,2.48,7,39.39,28.79,2.48,41.99,29.25,36.10857142857143,4.422760934722911,2.24,0
2023-07-05,47.55,29600.0,2.65,7,46.94,33.66,2.48,39.39,30.62,38.701428571428565,4.726924400253341,2.27,2
2023-07-06,41.24,61600.0,2.5,7,47.55,39.05,2.65,46.94,36.14,40.68571428571429,5.1540012195792295,2.22,3
2023-07-07,39.71,14400.0,2.49,7,41.24,34.21,2.5,47.55,35.79,40.99857142857143,5.104391666566137,2.62,4
2023-07-10,45.21,24000.0,2.55,7,39.71,35.67,2.49,41.24,32.35,41.784285714285716,4.234445485706944,2.68,0
2023-07-11,44.95,67200.0,2.57,7,45.21,41.99,2.55,39.71,27.03,43.14714285714285,3.3895069173630783,2.4,1
2023-07-12,47.88,23200.0,2.55,7,44.95,39.39,2.57,45.21,24.82,43.56999999999999,3.4056864212658975,2.48,2
2023-07-13,44.35,29600.0,2.5,7,47.88,46.94,2.55,44.95,32.83,44.78285714285715,3.172768056894766,2.48,3
2023-07-14,50.92,31200.0,2.5,7,44.35,47.55,2.5,47.88,38.96,44.41285714285714,3.0269495882023767,2.65,4
2023-07-17,44.84,14400.0,2.46,7,50.92,41.24,2.5,44.35,45.79,44.89428571428572,3.7827100388596877,2.5,0
2023-07-18,41.09,35200.0,2.52,7,44.84,39.71,2.46,50.92,53.82,45.40857142857143,3.4314983538354578,2.49,1
2023-07-19,40.03,13600.0,2.51,7,41.09,45.21,2.52,44.84,31.97,45.605714285714285,3.0701620866152477,2.55,2
2023-07-20,39.5,16800.0,2.61,7,40.03,44.95,2.51,41.09,32.37,44.86571428571428,3.7339472284375583,2.57,3
2023-07-21,44.95,26400.0,2.61,7,39.5,47.88,2.61,40.03,29.52,44.08714285714286,4.246464075304528,2.55,4
2023-07-24,52.43,39200.0,2.68,7,44.95,44.35,2.61,39.5,27.36,43.66857142857144,3.943921181477792,2.5,0
2023-07-25,57.97,55200.0,2.66,7,52.43,50.92,2.68,44.95,26.6,44.82285714285714,5.168796488821335,2.5,1
2023-07-26,93.58,33600.0,2.6,7,57.97,44.84,2.66,52.43,29.26,45.83,6.938667018959359,2.46,2
2023-07-27,145.34,22400.0,2.47,7,93.58,41.09,2.6,57.97,23.8,52.792857142857144,19.272533749947097,2.52,3
2023-07-28,39.3,10400.0,2.53,7,145.34,40.03,2.47,93.58,27.46,67.68571428571428,38.95300538561072,2.51,4
2023-07-31,37.6,16800.0,2.58,7,39.3,39.5,2.53,145.34,31.23,67.58142857142857,39.04026529476591,2.61,0
2023-08-01,33.88,23200.0,2.49,8,37.6,44.95,2.58,39.3,27.26,67.31,39.273947259389686,2.61,1
2023-08-02,36.18,36000.0,2.43,8,33.88,52.43,2.49,37.6,33.98,65.72857142857143,40.52724697803982,2.68,2
2023-08-03,36.06,17600.0,2.44,8,36.18,57.97,2.43,33.88,28.93,63.40714285714286,41.85946596023629,2.66,3
2023-08-04,40.58,16800.0,2.53,8,36.06,93.58,2.44,36.18,28.79,60.277142857142856,43.133542135359676,2.6,4
2023-08-07,34.01,12800.0,2.65,8,40.58,145.34,2.53,36.06,33.66,52.70571428571429,40.907672816210024,2.47,0
2023-08-08,36.85,17600.0,2.77,8,34.01,39.3,2.65,40.58,39.05,36.80142857142857,2.5305100182332607,2.53,1
2023-08-09,35.82,14400.0,2.92,8,36.85,37.6,2.77,34.01,34.21,36.45142857142857,2.284837182903631,2.58,2
2023-08-10,41.36,40800.0,2.83,8,35.82,33.88,2.92,36.85,35.67,36.19714285714286,2.2341942192929274,2.49,3
2023-08-11,41.49,8000.0,2.61,8,41.36,36.18,2.83,35.82,41.99,37.26571428571429,2.6846095752318195,2.43,4
2023-08-14,44.79,32800.0,2.74,8,41.49,36.06,2.61,41.36,39.39,38.02428571428572,3.0517910432115336,2.44,0
2023-08-15,38.33,11200.0,2.65,8,44.79,40.58,2.74,41.49,46.94,39.271428571428565,3.8059051861168953,2.53,1
2023-08-16,35.23,20000.0,2.55,8,38.33,34.01,2.65,44.79,47.55,38.949999999999996,3.7718297946748995,2.65,2
2023-08-17,30.47,20800.0,2.56,8,35.23,36.85,2.55,38.33,41.24,39.12428571428571,3.5256765645890544,2.77,3
2023-08-18,65.69,12800.0,2.44,8,30.47,35.82,2.56,35.23,39.71,38.212857142857146,4.804368547775519,2.92,4
2023-08-21,41.38,40000.0,2.6,8,65.69,41.36,2.44,30.47,45.21,42.480000000000004,11.256848285969282,2.83,0
2023-08-23,44.42,20800.0,2.6,8,41.38,41.49,2.6,65.69,44.95,42.48285714285714,11.256519169331167,2.61,2
2023-08-24,45.96,39200.0,2.42,8,44.42,44.79,2.6,41.38,47.88,42.901428571428575,11.267916738201597,2.74,3
2023-08-25,32.79,6400.0,2.46,8,45.96,38.33,2.42,44.42,44.35,43.068571428571424,11.309201900180387,2.65,4
2023-08-28,36.58,12800.0,2.6,8,32.79,35.23,2.46,45.96,50.92,42.277142857142856,11.875736769123847,2.55,0
2023-08-29,34.04,16800.0,2.5,8,36.58,30.47,2.6,32.79,44.84,42.46999999999999,11.752542987228887,2.56,1
2023-08-30,26.73,8000.0,2.48,8,34.04,65.69,2.5,36.58,41.09,42.980000000000004,11.209949449781776,2.44,2
2023-08-31,24.07,16800.0,2.56,8,26.73,41.38,2.48,34.04,40.03,37.41428571428571,6.897535446671729,2.6,3
2023-09-01,106.21,42400.0,2.7,9,24.07,44.42,2.56,26.73,39.5,34.941428571428574,8.215776345080203,2.6,4
2023-09-05,63.51,51200.0,2.6,9,106.21,45.96,2.7,24.07,44.95,43.76857142857143,28.42806912693351,2.42,1
2023-09-06,59.95,33600.0,2.49,9,63.51,32.79,2.6,106.21,52.43,46.27571428571429,29.41046290984594,2.46,2
2023-09-07,40.51,28800.0,2.45,9,59.95,36.58,2.49,63.51,57.97,50.15571428571428,29.124997200081516,2.6,3
2023-09-08,37.75,1600.0,2.53,9,40.51,34.04,2.45,59.95,93.58,50.71714285714285,28.856328430279977,2.5,4
2023-09-11,46.45,24800.0,2.5,9,37.75,26.73,2.53,40.51,145.34,51.247142857142855,28.531209645045156,2.48,0
2023-09-12,37.93,8800.0,2.72,9,46.45,24.07,2.5,37.75,39.3,54.064285714285724,26.61624745473001,2.56,1
2023-09-13,33.26,12000.0,2.76,9,37.93,106.21,2.72,46.45,37.6,56.04428571428571,24.439595507524693,2.7,2
2023-09-14,31.07,9600.0,2.81,9,33.26,63.51,2.76,37.93,33.88,45.62285714285714,11.733460294226335,2.6,3
2023-09-15,36.39,14400.0,2.74,9,31.07,59.95,2.81,33.26,36.18,40.98857142857143,9.725774054150019,2.49,4
2023-09-18,32.49,20800.0,2.54,9,36.39,40.51,2.74,31.07,36.06,37.62285714285714,4.997648494661074,2.45,0
2023-09-19,34.89,24800.0,2.46,9,32.49,37.75,2.54,36.39,40.58,36.47714285714286,5.142647548638905,2.53,1
2023-09-20,36.92,32000.0,2.78,9,34.89,46.45,2.46,32.49,34.01,36.06857142857143,5.138276068135984,2.5,2
2023-09-21,33.16,16000.0,2.7,9,36.92,37.93,2.78,34.89,36.85,34.707142857142856,2.529418340815837,2.72,3
2023-09-22,34.95,6400.0,2.63,9,33.16,33.26,2.7,36.92,35.82,34.02571428571429,2.126976391835873,2.76,4
2023-09-25,39.87,12000.0,2.63,9,34.95,31.07,2.63,33.16,41.36,34.26714285714286,2.1214830841156838,2.81,0
2023-09-26,36.9,4000.0,2.55,9,39.87,36.39,2.63,34.95,41.49,35.52428571428572,2.4870186780078876,2.74,1
2023-09-27,36.53,13600.0,2.72,9,36.9,32.49,2.55,39.87,44.79,35.597142857142856,2.523804761899908,2.54,2
2023-09-28,37.29,10400.0,2.74,9,36.53,34.89,2.72,36.9,38.33,36.17428571428571,2.125314542546569,2.46,3
2023-09-29,52.39,3200.0,2.68,9,37.29,36.92,2.74,36.53,35.23,36.51714285714286,2.0766295953271046,2.78,4
2023-10-02,59.09,17600.0,2.7,10,52.39,33.16,2.68,37.29,30.47,38.72714285714285,6.370124839921729,2.7,0
2023-10-03,61.29,35200.0,2.71,10,59.09,34.95,2.7,52.39,65.69,42.431428571428576,9.408078848470817,2.63,1
2023-10-04,50.58,28000.0,2.92,10,61.29,39.87,2.71,59.09,41.38,46.19428571428572,11.042584022988335,2.63,2
2023-10-05,39.55,37600.0,2.92,10,50.58,36.9,2.92,61.29,44.42,47.72428571428572,10.758590144845039,2.55,3
2023-10-06,39.6,6400.0,3.3,10,39.55,36.53,2.92,50.58,45.96,48.10285714285714,10.353213211825524,2.72,4
2023-10-10,42.68,23200.0,3.34,10,39.6,37.29,3.3,39.55,32.79,48.541428571428575,9.833236884111065,2.74,1
2023-10-11,38.9,16800.0,3.19,10,42.68,52.39,3.34,39.6,36.58,49.31142857142857,8.979297352932212,2.68,2
2023-10-12,39.02,20800.0,3.16,10,38.9,59.09,3.19,42.68,34.04,47.38428571428572,9.632322075772985,2.7,3
2023-10-13,47.58,17600.0,3.11,10,39.02,61.29,3.16,38.9,26.73,44.51714285714286,8.486103766915235,2.71,4
2023-10-16,49.77,24800.0,2.98,10,47.58,50.58,3.11,39.02,24.07,42.55857142857143,4.713174544371416,2.92,0
2023-10-17,43.29,8000.0,2.94,10,49.77,39.55,2.98,47.58,106.21,42.44285714285714,4.487979182533449,2.92,1
2023-10-18,43.0,1600.0,2.92,10,43.29,39.6,2.94,49.77,63.51,42.97714285714285,4.305085033173379,3.3,2
2023-10-19,41.67,7200.0,2.84,10,43.0,42.68,2.92,43.29,59.95,43.462857142857146,4.044472418357341,3.34,3
2023-10-20,47.44,9600.0,2.6,10,41.67,38.9,2.84,43.0,40.51,43.31857142857143,4.094758554425865,3.19,4
2023-10-23,38.47,20000.0,2.65,10,47.44,39.02,2.6,41.67,37.75,44.53857142857142,3.8219952405835618,3.16,0
2023-10-24,35.45,12800.0,2.85,10,38.47,47.58,2.65,47.44,46.45,44.46,3.957600282999259,3.11,1
2023-10-25,38.98,13600.0,2.86,10,35.45,49.77,2.85,38.47,37.93,42.72714285714286,4.9058085106181535,2.98,2
2023-10-26,41.21,45600.0,2.87,10,38.98,43.29,2.86,35.45,33.26,41.18571428571429,3.9202247263082697,2.94,3
2023-10-27,46.92,4800.0,3.24,10,41.21,43.0,2.87,38.98,31.07,40.888571428571424,3.811462661373525,2.92,4
2023-10-30,44.45,16000.0,3.17,10,46.92,41.67,3.24,41.21,36.39,41.44857142857143,4.413771737683963,2.84,0
2023-10-31,53.49,5600.0,3.34,10,44.45,47.44,3.17,46.92,32.49,41.84571428571429,4.5596741738226445,2.6,1
2023-11-01,52.74,16000.0,3.19,11,53.49,38.47,3.34,44.45,34.89,42.71,6.107484479445123,2.65,2
2023-11-02,43.27,19200.0,3.12,11,52.74,35.45,3.19,53.49,36.92,44.74857142857143,6.798787707062935,2.85,3
2023-11-03,36.25,800.0,3.0,11,43.27,38.98,3.12,52.74,33.16,45.86571428571428,5.542679427685741,2.86,4
2023-11-06,31.76,25600.0,2.71,11,36.25,41.21,3.0,43.27,34.95,45.47571428571429,6.168629932010092,2.87,0
2023-11-07,30.59,17600.0,2.0,11,31.76,46.92,2.71,36.25,39.87,44.12571428571429,8.015391146917985,3.24,1
2023-11-08,32.39,29600.0,2.18,11,30.59,44.45,2.0,31.76,36.9,41.79285714285715,9.334442876225683,3.17,2
2023-11-09,38.46,8000.0,2.71,11,32.39,53.49,2.18,30.59,36.53,40.07,9.860414122472937,3.34,3
2023-11-10,44.02,10400.0,2.71,11,38.46,52.74,2.71,32.39,37.29,37.92285714285715,7.890825293308769,3.19,4
2023-11-13,43.08,16800.0,2.61,11,44.02,43.27,2.71,38.46,52.39,36.67714285714286,5.48263231877308,3.12,0
2023-11-14,44.37,20800.0,2.69,11,43.08,36.25,2.61,44.02,59.09,36.65,5.44489363226359,3.0,1
2023-11-15,42.91,24000.0,2.88,11,44.37,31.76,2.69,43.08,61.29,37.81,6.163067418096092,2.71,2
2023-11-16,35.0,17600.0,2.91,11,42.91,30.59,2.88,44.37,50.58,39.402857142857144,5.766968337828899,2.0,3
2023-11-17,40.54,6400.0,2.62,11,35.0,32.39,2.91,42.91,39.55,40.03285714285715,4.804302635088765,2.18,4
2023-11-20,49.95,16000.0,2.49,11,40.54,38.46,2.62,35.0,39.6,41.19714285714286,3.436154411963163,2.71,0
2023-11-21,35.07,20800.0,2.63,11,49.95,44.02,2.49,40.54,42.68,42.83857142857143,4.492651142222227,2.71,1
2023-11-22,33.98,8800.0,2.72,11,35.07,43.08,2.63,49.95,38.9,41.56,5.301182258075081,2.61,2
2023-11-24,53.83,7200.0,2.72,11,33.98,44.37,2.72,35.07,39.02,40.26,5.9432202270035095,2.69,4
2023-11-27,56.74,12800.0,2.74,11,53.83,42.91,2.72,33.98,47.58,41.61142857142857,7.814510922148463,2.88,0
2023-11-28,58.85,31200.0,2.78,11,56.74,35.0,2.74,53.83,49.77,43.58714285714286,9.714788922540729,2.91,1
2023-11-29,41.28,16800.0,2.7,11,58.85,40.54,2.78,56.74,43.29,46.994285714285716,10.361934917672988,2.62,2
2023-11-30,34.08,16000.0,2.75,11,41.28,49.95,2.7,58.85,43.0,47.1,10.288628026450471,2.49,3
2023-12-01,37.54,12000.0,2.63,12,34.08,35.07,2.75,41.28,41.67,44.832857142857144,11.258726562516728,2.63,4
2023-12-04,40.27,23200.0,2.55,12,37.54,33.98,2.63,34.08,47.44,45.18571428571429,10.93583079779909,2.72,0
2023-12-05,46.84,20000.0,2.72,12,40.27,53.83,2.55,37.54,38.47,46.08428571428571,10.0871086989661,2.72,1
2023-12-06,45.26,8800.0,2.76,12,46.84,56.74,2.72,40.27,35.45,45.08571428571429,9.522723449977837,2.74,2
2023-12-07,33.61,6400.0,2.52,12,45.26,58.85,2.76,46.84,38.98,43.44571428571429,8.056822899759648,2.78,3
2023-12-08,43.03,20800.0,2.57,12,33.61,41.28,2.52,45.26,41.21,39.839999999999996,5.130227415361847,2.7,4
2023-12-11,53.7,46400.0,2.39,12,43.03,34.08,2.57,33.61,46.92,40.089999999999996,5.2532593057387,2.75,0
2023-12-12,42.84,34400.0,2.37,12,53.7,37.54,2.39,43.03,44.45,42.892857142857146,6.57901136008951,2.63,1
2023-12-13,37.75,16800.0,2.33,12,42.84,40.27,2.37,53.7,53.49,43.65,6.151384667969442,2.55,2
2023-12-14,34.18,6400.0,2.39,12,37.75,46.84,2.33,42.84,52.74,43.290000000000006,6.448715634398031,2.72,3
2023-12-15,38.04,15200.0,2.44,12,34.18,45.26,2.39,37.75,43.27,41.48142857142857,7.035726516788743,2.76,4
2023-12-18,48.32,32800.0,2.59,12,38.04,33.61,2.44,34.18,36.25,40.449999999999996,6.917701930554456,2.52,0
2023-12-19,42.01,29600.0,2.44,12,48.32,43.03,2.59,38.04,31.76,42.55142857142857,6.725162770201975,2.57,1
2023-12-20,37.78,6400.0,2.48,12,42.01,53.7,2.44,48.32,30.59,42.40571428571429,6.724115448995877,2.39,2
2023-12-21,34.62,6400.0,2.48,12,37.78,42.84,2.48,42.01,32.39,40.13142857142857,4.635228971587546,2.37,3
2023-12-22,29.78,19200.0,2.54,12,34.62,37.75,2.48,37.78,38.46,38.957142857142856,4.869957954252547,2.33,4
2023-12-26,27.05,4000.0,2.5,12,29.78,34.18,2.54,34.62,44.02,37.81857142857143,5.9998234100995305,2.39,1
2023-12-27,27.93,2400.0,2.63,12,27.05,38.04,2.5,29.78,43.08,36.8,7.2047183613701575,2.44,2
2023-12-28,28.27,8800.0,2.55,12,27.93,48.32,2.63,27.05,44.37,35.355714285714285,7.894991782015556,2.59,3
2023-12-29,33.65,12000.0,2.58,12,28.27,42.01,2.55,27.93,42.91,32.49142857142857,5.754579129039716,2.44,4
2024-01-02,35.49,20000.0,2.56,1,33.65,37.78,2.58,28.27,35.0,31.29714285714286,4.071157551547547,2.48,1
2024-01-03,42.17,25600.0,2.57,1,35.49,34.62,2.56,33.65,40.54,30.970000000000002,3.5177976064576075,2.48,2
2024-01-04,46.91,27200.0,2.83,1,42.17,29.78,2.57,35.49,49.95,32.04857142857143,5.450132807468665,2.54,3
2024-01-05,36.2,7200.0,2.75,1,46.91,27.05,2.83,42.17,35.07,34.495714285714286,7.659631969276331,2.5,4
2024-01-08,32.04,13600.0,2.72,1,36.2,27.93,2.75,46.91,33.98,35.80285714285714,6.922491637856149,2.63,0
2024-01-09,35.25,11200.0,3.25,1,32.04,28.27,2.72,36.2,53.83,36.39,6.2887386122600955,2.55,1
2024-01-10,37.33,9600.0,3.25,1,35.25,33.65,3.25,32.04,56.74,37.387142857142855,5.255069661084868,2.58,2
2024-01-11,32.46,34400.0,3.15,1,37.33,35.49,3.25,35.25,58.85,37.91285714285714,4.9966145681705845,2.56,3
2024-01-12,166.89,22400.0,13.2,1,32.46,42.17,3.15,37.33,41.28,37.480000000000004,5.359552220101738,2.57,4
2024-01-16,167.9,45600.0,3.25,1,166.89,46.91,13.2,32.46,34.08,55.29714285714285,49.45561434737399,2.83,1
2024-01-17,75.82,34400.0,2.86,1,167.9,36.2,3.25,166.89,37.54,72.58142857142856,64.7983799768099,2.75,2
2024-01-18,69.19,25600.0,2.88,1,75.82,32.04,2.86,167.9,40.27,78.24142857142856,62.7901413250443,2.72,3
2024-01-19,66.55,19200.0,2.7,1,69.19,35.25,2.88,75.82,46.84,83.54857142857144,59.729678672212046,3.25,4
2024-01-22,37.55,19200.0,2.35,1,66.55,37.33,2.7,69.19,45.26,88.02,56.60101706977817,3.25,0
2024-01-23,30.83,13600.0,2.15,1,37.55,32.46,2.35,66.55,33.61,88.05142857142856,56.56823119872468,3.15,1
2024-01-24,27.17,2400.0,2.45,1,30.83,166.89,2.15,37.55,43.03,87.81857142857142,56.83791880677636,13.2,2
2024-01-25,28.4,2400.0,2.56,1,27.17,167.9,2.45,30.83,53.7,67.85857142857142,48.33984085912681,3.25,3
2024-01-26,37.59,13600.0,2.36,1,28.4,75.82,2.56,27.17,42.84,47.93,21.56036873525114,2.86,4
2024-01-29,37.36,16000.0,2.41,1,37.59,69.19,2.36,28.4,37.75,42.46857142857142,17.838955900473643,2.88,0
2024-01-30,36.95,11200.0,2.26,1,37.36,66.55,2.41,37.59,34.18,37.92142857142857,13.395878008516062,2.7,1
2024-01-31,28.29,10400.0,2.19,1,36.95,37.55,2.26,37.36,38.04,33.69285714285714,4.706027037341361,2.35,2
2024-02-01,26.75,800.0,2.15,2,28.29,30.83,2.19,36.95,48.32,32.37,4.742429054116783,2.15,3
2024-02-02,28.77,7200.0,2.01,2,26.75,27.17,2.15,28.29,42.01,31.787142857142857,5.192599587508,2.45,4
2024-02-05,31.05,16800.0,2.12,2,28.77,28.4,2.01,26.75,37.78,32.01571428571429,4.986614941162623,2.56,0
2024-02-06,28.05,8800.0,2.1,2,31.05,37.59,2.12,28.77,34.62,32.394285714285715,4.761896880945615,2.36,1
2024-02-07,23.31,4800.0,1.94,2,28.05,37.36,2.1,31.05,29.78,31.03142857142857,4.376636564651619,2.41,2
2024-02-08,20.1,9600.0,1.74,2,23.31,36.95,1.94,28.05,27.05,29.024285714285718,4.209096724725331,2.26,3
2024-02-09,28.41,7200.0,1.74,2,20.1,28.29,1.74,23.31,27.93,26.617142857142856,3.709549452811731,2.19,4
2024-02-12,34.39,19200.0,1.76,2,28.41,26.75,1.74,20.1,28.27,26.634285714285713,3.718834302765752,2.15,0
2024-02-13,32.91,5600.0,1.61,2,34.39,28.77,1.76,28.41,33.65,27.725714285714282,4.739507207656409,2.01,1
2024-02-14,23.51,27200.0,1.51,2,32.91,31.05,1.61,34.39,35.49,28.31714285714285,5.13347417864895,2.12,2
2024-02-15,24.55,15200.0,1.53,2,23.51,28.05,1.51,32.91,42.17,27.240000000000002,5.254106330607699,2.1,3
2024-02-16,31.94,10400.0,1.55,2,24.55,23.31,1.53,23.51,46.91,26.740000000000002,5.330162599145732,1.94,4
2024-02-20,23.06,5600.0,1.5,2,31.94,20.1,1.55,24.55,36.2,27.972857142857144,5.40214992475424,1.74,1
2024-02-21,24.5,5600.0,1.58,2,23.06,28.41,1.5,31.94,32.04,28.395714285714284,4.760986792472082,1.74,2
2024-02-22,23.99,5600.0,1.62,2,24.5,34.39,1.58,23.06,35.25,27.837142857142858,4.983210860097025,1.76,3
2024-02-23,23.09,4800.0,1.52,2,23.99,32.91,1.62,24.5,37.33,26.351428571428574,4.191330053699701,1.61,4
2024-02-26,21.75,800.0,1.65,2,23.09,23.51,1.52,23.99,32.46,24.94857142857143,3.142437634339507,1.51,0
2024-02-27,23.82,18400.0,1.52,2,21.75,24.55,1.65,23.09,166.89,24.697142857142858,3.3408667252959248,1.53,1
2024-02-28,30.72,37600.0,1.61,2,23.82,31.94,1.52,21.75,167.9,24.592857142857138,3.357577074249058,1.55,2
2024-02-29,28.95,23200.0,1.67,2,30.72,23.06,1.61,23.82,75.82,24.418571428571425,2.915152532152197,1.5,3
2024-03-01,25.47,24800.0,1.47,3,28.95,24.5,1.67,30.72,69.19,25.26,3.2843264149592266,1.58,4
2024-03-04,26.11,4800.0,1.48,3,25.47,23.99,1.47,28.95,66.55,25.398571428571426,3.2673354514619173,1.62,0
2024-03-05,27.7,30400.0,1.51,3,26.11,23.09,1.48,25.47,37.55,25.701428571428572,3.2128099257575853,1.52,1
2024-03-07,22.86,3200.0,1.56,3,27.7,21.75,1.51,26.11,30.83,26.359999999999996,3.05700288954155,1.65,3
2024-03-08,32.42,52000.0,1.54,3,22.86,23.82,1.56,27.7,27.17,26.518571428571427,2.795636055065044,1.52,4
2024-03-11,25.16,4800.0,1.54,3,32.42,30.72,1.54,22.86,28.4,27.747142857142858,3.2627274596859834,1.61,0
2024-03-12,22.88,4800.0,1.57,3,25.16,28.95,1.54,32.42,37.59,26.952857142857145,3.090618677469355,1.67,1
2024-03-13,20.89,3200.0,1.25,3,22.88,25.47,1.57,25.16,37.36,26.085714285714285,3.2824678578919873,1.47,2
2024-03-14,23.18,8800.0,1.26,3,20.89,26.11,1.25,22.88,36.95,25.43142857142857,3.8355200802124836,1.48,3
2024-03-15,32.21,7200.0,1.38,3,23.18,27.7,1.26,20.89,28.29,25.012857142857143,3.9083104375406834,1.51,4
2024-03-18,29.01,24000.0,1.54,3,32.21,22.86,1.38,23.18,26.75,25.657142857142855,4.713840310849459,1.56,0
2024-03-19,29.49,20800.0,1.55,3,29.01,32.42,1.54,32.21,28.77,26.535714285714285,4.678606833744484,1.54,1
2024-03-21,28.5,6400.0,1.55,3,29.49,25.16,1.55,29.01,31.05,26.117142857142856,4.1675880885938374,1.54,3
2024-03-22,29.13,1600.0,1.5,3,28.5,22.88,1.55,29.49,28.05,26.594285714285714,4.230464344658544,1.57,4
2024-03-25,28.59,7200.0,1.46,3,29.13,20.89,1.5,28.5,23.31,27.487142857142857,3.967252257695365,1.25,0
2024-03-26,31.5,800.0,1.48,3,28.59,23.18,1.46,29.13,20.1,28.587142857142858,2.6974847190525635,1.26,1
2024-03-27,31.85,20000.0,1.43,3,31.5,32.21,1.48,28.59,28.41,29.775714285714287,1.4729319642898009,1.38,2
2024-03-28,22.79,5600.0,1.54,3,31.85,29.01,1.43,31.5,34.39,29.724285714285713,1.3769272208169252,1.54,3
2024-04-01,30.9,21600.0,1.64,4,22.79,29.49,1.54,31.85,32.91,28.835714285714285,2.98392279358791,1.55,0
2024-04-02,33.69,23200.0,1.65,4,30.9,28.5,1.64,22.79,23.51,29.037142857142857,3.081448329847834,1.55,1
2024-04-04,36.71,36000.0,1.78,4,33.69,29.13,1.65,30.9,24.55,29.77857142857143,3.5233621659402243,1.5,3
2024-04-05,34.99,29600.0,1.58,4,36.71,28.59,1.78,33.69,31.94,30.861428571428572,4.356996016260756,1.46,4
2024-04-08,29.94,19200.0,1.73,4,34.99,31.5,1.58,36.71,23.06,31.775714285714287,4.4709203271168,1.48,0
2024-04-09,33.94,24000.0,1.83,4,29.94,31.85,1.73,34.99,24.5,31.552857142857142,4.525500761557201,1.43,1
2024-04-10,32.66,36000.0,1.9,4,33.94,22.79,1.83,29.94,23.99,31.851428571428567,4.616403465077392,1.54,2
2024-04-11,33.5,33600.0,1.62,4,32.66,30.9,1.9,33.94,23.09,33.26142857142857,2.3271830508961378,1.64,3
2024-04-12,40.56,16000.0,1.36,4,33.5,33.69,1.62,32.66,21.75,33.63285714285714,2.08204798444249,1.65,4
2024-04-15,33.94,20000.0,1.41,4,40.56,36.71,1.36,33.5,23.82,34.614285714285714,3.3478642801183374,1.78,0
2024-04-16,30.95,15200.0,1.38,4,33.94,34.99,1.41,40.56,30.72,34.21857142857142,3.220136790941973,1.58,1
2024-04-19,30.16,10400.0,1.43,4,30.95,29.94,1.38,33.94,28.95,33.64142857142857,3.414978909507083,1.73,4
2024-04-22,27.14,24800.0,1.64,4,30.16,33.94,1.43,30.95,25.47,33.67285714285714,3.376026827922783,1.83,0
2024-04-23,29.45,12000.0,1.59,4,27.14,32.66,1.64,30.16,26.11,32.701428571428565,4.171060730682909,1.9,1
2024-04-24,30.0,1600.0,1.6,4,29.45,33.5,1.59,27.14,27.7,32.24285714285715,4.34903328064847,1.62,2
2024-04-25,23.37,15200.0,1.46,4,30.0,40.56,1.6,29.45,22.86,31.74285714285714,4.381486484005335,1.36,3
2024-04-26,51.81,29600.0,1.4,4,23.37,33.94,1.46,30.0,32.42,29.287142857142857,3.2998369368079286,1.41,4
2024-04-29,42.77,30400.0,1.55,4,51.81,30.95,1.4,23.37,25.16,31.84,9.177363455807862,1.38,0
2024-04-30,35.73,6400.0,1.68,4,42.77,30.16,1.55,51.81,22.88,33.528571428571425,10.033758731687321,1.43,1
2024-05-02,33.68,11200.0,1.66,5,35.73,27.14,1.68,42.77,20.89,34.324285714285715,9.942541353769954,1.64,3
2024-05-03,37.2,14400.0,1.67,5,33.68,29.45,1.66,35.73,23.18,35.25857142857143,9.450006046861093,1.59,4
2024-05-06,39.95,13600.0,1.88,5,37.2,30.0,1.67,33.68,32.21,36.36571428571428,9.103707774203428,1.6,0
2024-05-07,47.08,20800.0,1.95,5,39.95,23.37,1.88,37.2,29.01,37.787142857142854,8.712505790118799,1.46,1
2024-05-08,34.1,9600.0,2.01,5,47.08,51.81,1.95,39.95,29.49,41.174285714285716,6.501801948031358,1.4,2
2024-05-09,26.89,4800.0,2.03,5,34.1,42.77,2.01,47.08,28.5,38.644285714285715,4.928849957622786,1.55,3
2024-05-10,30.55,16000.0,2.14,5,26.89,35.73,2.03,34.1,29.13,36.37571428571429,6.203200402863982,1.68,4
2024-05-13,36.42,28800.0,2.11,5,30.55,33.68,2.14,26.89,28.59,35.635714285714286,6.589979405994022,1.66,0
2024-05-14,37.32,22400.0,2.14,5,36.42,37.2,2.11,30.55,31.5,36.027142857142856,6.535604318616642,1.67,1
2024-05-16,37.15,8800.0,2.32,5,37.32,39.95,2.14,36.42,31.85,36.044285714285714,6.539349756519521,1.88,3
2024-05-17,39.88,5600.0,2.44,5,37.15,47.08,2.32,37.32,22.79,35.644285714285715,6.343324199878062,1.95,4
2024-05-20,53.28,32800.0,2.52,5,39.88,34.1,2.44,37.15,30.9,34.61571428571428,4.494192019124109,2.01,0
2024-05-21,60.57,41600.0,2.52,5,53.28,26.89,2.52,39.88,33.69,37.355714285714285,8.333896361932098,2.03,1
2024-05-22,59.29,15200.0,2.51,5,60.57,30.55,2.52,53.28,36.71,42.167142857142856,10.677436824577931,2.14,2
2024-05-23,53.69,25600.0,2.64,5,59.29,36.42,2.51,60.57,34.99,46.27285714285714,10.986976706212323,2.11,3
2024-05-24,40.09,5600.0,2.22,5,53.69,37.32,2.64,59.29,29.94,48.74,10.324805082905666,2.14,4
2024-05-28,39.0,28000.0,2.29,5,40.09,37.15,2.22,53.69,33.94,49.135714285714286,9.856635425172044,2.32,1
2024-05-30,25.95,11200.0,1.87,5,39.0,39.88,2.29,40.09,32.66,49.4,9.500052631432867,2.44,3
2024-05-31,38.99,15200.0,1.78,5,25.95,53.28,1.87,39.0,33.5,47.410000000000004,12.734843278710901,2.52,4
2024-06-03,45.77,12000.0,2.55,6,38.99,60.57,1.78,25.95,40.56,45.36857142857143,12.782311252366535,2.52,0
2024-06-04,40.2,33600.0,2.58,6,45.77,59.29,2.55,38.99,33.94,43.25428571428571,10.940072908262117,2.51,1
2024-06-05,40.41,21600.0,2.27,6,40.2,53.69,2.58,45.77,30.95,40.527142857142856,8.348997373508572,2.64,2
2024-06-06,29.15,8800.0,2.3,6,40.41,40.09,2.27,40.2,30.16,38.63,6.05245680144266,2.22,3
2024-06-07,27.0,8000.0,2.46,6,29.15,39.0,2.3,40.41,27.14,37.06714285714286,6.957424605617622,2.29,4
2024-06-10,25.4,16000.0,2.61,6,27.0,25.95,2.46,29.15,29.45,35.35285714285714,7.825966850354897,1.87,0
2024-06-11,29.33,28800.0,2.71,6,25.4,38.99,2.61,27.0,30.0,35.27428571428572,7.9380620160984625,1.78,1
2024-06-13,37.83,14400.0,2.79,6,29.33,45.77,2.71,25.4,23.37,33.894285714285715,8.023654315299567,2.55,3
2024-06-14,70.38,44800.0,2.74,6,37.83,40.2,2.79,29.33,51.81,32.76,6.4772061878557565,2.58,4
2024-06-17,56.49,83200.0,2.5,6,70.38,40.41,2.74,37.83,42.77,37.07142857142857,15.71367284519156,2.27,0
2024-06-18,58.49,68000.0,2.43,6,56.49,29.15,2.5,70.38,35.73,39.36857142857143,17.371019379579035,2.3,1
2024-06-20,97.52,37600.0,2.39,6,58.49,27.0,2.43,56.49,33.68,43.56,18.021964376837385,2.46,3
2024-06-21,58.74,28800.0,2.44,6,97.52,25.4,2.39,58.49,37.2,53.63428571428572,25.415731910992122,2.61,4
2024-06-24,42.28,24000.0,2.58,6,58.74,29.33,2.44,97.52,39.95,58.39714285714286,22.157979536565406,2.71,0
2024-06-25,43.53,36800.0,2.61,6,42.28,37.83,2.58,58.74,47.08,60.247142857142855,19.734750833901714,2.79,1
2024-06-27,28.3,16800.0,2.55,6,43.53,70.38,2.61,42.28,34.1,61.06142857142857,18.748579882728222,2.74,3
2024-06-28,28.77,22400.0,2.42,6,28.3,56.49,2.55,43.53,26.89,55.050000000000004,21.76606686258822,2.5,4
2024-07-01,33.28,17600.0,2.21,7,28.77,58.49,2.42,28.3,30.55,51.089999999999996,23.87943187487218,2.43,0
2024-07-02,40.83,12000.0,2.06,7,33.28,97.52,2.21,28.77,36.42,47.488571428571426,24.471097529242723,2.39,1
2024-07-03,49.41,12000.0,2.02,7,40.83,58.74,2.06,33.28,37.32,39.39,10.607327655917672,2.44,2
2024-07-05,61.75,1600.0,2.02,7,49.41,42.28,2.02,40.83,37.15,38.05714285714286,8.048133767703737,2.58,4
2024-07-08,102.07,22400.0,2.1,7,61.75,43.53,2.02,49.41,39.88,40.83857142857143,12.096826620469933,2.61,0
2024-07-09,91.12,24800.0,2.42,7,102.07,28.3,2.1,61.75,53.28,49.201428571428565,26.23763736096886,2.55,1
2024-07-11,40.68,20000.0,2.23,7,91.12,28.77,2.42,102.07,60.57,58.17571428571428,28.539487181297115,2.42,3
2024-07-12,169.88,9600.0,2.17,7,40.68,33.28,2.23,91.12,59.29,59.87714285714286,26.796000767705074,2.21,4
2024-07-15,139.92,35200.0,2.12,7,169.88,40.83,2.17,40.68,53.69,79.39142857142858,46.61137751971835,2.06,0
2024-07-16,76.99,42400.0,2.1,7,139.92,49.41,2.12,169.88,40.09,93.54714285714284,47.975267139879975,2.02,1
2024-07-17,39.46,13600.0,1.98,7,76.99,61.75,2.1,139.92,39.0,97.48714285714286,44.77191073068225,2.02,2
2024-07-18,37.33,26400.0,2.0,7,39.46,102.07,1.98,76.99,25.95,94.30285714285715,48.38417810065788,2.1,3
2024-07-19,52.23,23200.0,1.88,7,37.33,91.12,2.0,39.46,38.99,85.0542857142857,52.65136524255333,2.42,4
2024-07-22,54.16,12800.0,2.19,7,52.23,40.68,1.88,37.33,45.77,79.49857142857142,53.94067217124483,2.23,0
2024-07-23,48.38,16800.0,2.13,7,54.16,169.88,2.19,52.23,40.2,81.4242857142857,52.54645527440223,2.17,1
2024-07-25,34.69,6400.0,2.0,7,48.38,139.92,2.13,54.16,40.41,64.06714285714285,35.88267535282429,2.12,3
2024-07-26,49.04,6400.0,1.98,7,34.69,76.99,2.0,48.38,29.15,49.03428571428571,14.450209752967485,2.1,4
2024-07-29,46.9,15200.0,1.9,7,49.04,39.46,1.98,34.69,27.0,45.041428571428575,7.743051570217176,1.98,0
2024-07-30,79.98,16800.0,1.81,7,46.9,37.33,1.9,49.04,25.4,46.10428571428571,7.3498681556036685,2.0,1
2024-07-31,98.71,20800.0,1.94,7,79.98,52.23,1.81,46.9,29.33,52.19714285714286,13.7528114874566,1.88,2
2024-08-01,83.91,30400.0,1.95,8,98.71,54.16,1.94,79.98,37.83,58.83714285714285,22.322098702321522,2.19,3
2024-08-02,90.5,2400.0,1.89,8,83.91,48.38,1.95,98.71,70.38,63.08714285714286,24.04853267477076,2.13,4
2024-08-05,56.07,18400.0,1.83,8,90.5,34.69,1.89,83.91,56.49,69.10428571428572,25.005713251936804,2.0,0
2024-08-06,34.86,18400.0,1.83,8,56.07,49.04,1.83,90.5,58.49,72.15857142857143,21.102776617127265,1.98,1
2024-08-08,38.09,11200.0,1.85,8,34.86,46.9,1.83,56.07,97.52,70.13285714285715,24.152134284078976,1.9,3
2024-08-09,34.38,9600.0,1.94,8,38.09,79.98,1.85,34.86,58.74,68.87428571428572,25.74180960819877,1.81,4
2024-08-12,35.7,4000.0,2.1,8,34.38,98.71,1.94,38.09,42.28,62.36,28.12268360831388,1.94,0
2024-08-13,41.16,15200.0,2.16,8,35.7,83.91,2.1,34.38,43.53,53.35857142857143,24.38430193695064,1.95,1
2024-08-14,38.47,9600.0,2.18,8,41.16,90.5,2.16,35.7,28.3,47.25142857142857,20.50162630018348,1.89,2
2024-08-15,40.81,14400.0,2.19,8,38.47,56.07,2.18,41.16,28.77,39.81857142857143,7.548102252821048,1.83,3
2024-08-16,34.83,4800.0,2.01,8,40.81,34.86,2.19,38.47,33.28,37.63857142857143,2.752280439752153,1.83,4
2024-08-19,26.02,19200.0,2.12,8,34.83,38.09,2.01,40.81,40.83,37.63428571428572,2.757346895977471,1.85,0
2024-08-20,23.0,12000.0,2.18,8,26.02,34.38,2.12,34.83,49.41,35.910000000000004,5.155734671217554,1.94,1
2024-08-22,26.26,7200.0,1.93,8,23.0,35.7,2.18,26.02,61.75,34.284285714285716,7.133444369406931,2.1,3
2024-08-23,44.94,8800.0,1.82,8,26.26,41.16,1.93,23.0,102.07,32.93571428571429,7.691668343393184,2.16,4
2024-08-26,70.06,23200.0,2.13,8,44.94,38.47,1.82,26.26,91.12,33.47571428571428,8.45964313105209,2.18,0
2024-08-27,98.3,42400.0,1.91,8,70.06,40.81,2.13,44.94,40.68,37.98857142857143,16.331458833155178,2.19,1
2024-08-28,48.6,8800.0,1.89,8,98.3,34.83,1.91,70.06,169.88,46.201428571428565,28.159220176566947,2.01,2
2024-08-29,36.51,9600.0,1.85,8,48.6,26.02,1.89,98.3,139.92,48.16857142857143,27.709824628683144,2.12,3
2024-08-30,24.78,22400.0,1.93,8,36.51,23.0,1.85,48.6,76.99,49.66714285714285,26.57269696153399,2.18,4
2024-09-03,24.81,3200.0,1.93,9,24.78,26.26,1.93,36.51,39.46,49.92142857142857,26.28190152213195,1.93,1
2024-09-05,30.29,12800.0,2.02,9,24.81,44.94,1.93,24.78,37.33,49.714285714285715,26.50424611085469,1.82,3
2024-09-06,25.89,13600.0,2.09,9,30.29,70.06,2.02,24.81,52.23,47.62142857142857,27.50363335305068,2.13,4
2024-09-09,35.76,21600.0,2.03,9,25.89,98.3,2.09,30.29,54.16,41.31142857142857,26.547918580415594,1.91,0
2024-09-10,44.75,3200.0,2.13,9,35.76,48.6,2.03,25.89,48.38,32.37714285714286,8.690250695052038,1.89,1
2024-09-11,45.52,17600.0,2.13,9,44.75,36.51,2.13,35.76,34.69,31.82714285714286,7.537812932775602,1.85,2
2024-09-12,39.15,17600.0,2.13,9,45.52,24.78,2.13,44.75,49.04,33.114285714285714,9.081847934465603,1.93,3
2024-09-13,40.0,3200.0,2.25,9,39.15,24.81,2.13,45.52,46.9,35.167142857142856,8.488715478574223,1.93,4
2024-09-16,39.63,4800.0,2.23,9,40.0,30.29,2.25,39.15,79.98,37.33714285714286,7.251132588052626,2.02,0
2024-09-17,37.75,18400.0,2.33,9,39.63,25.89,2.23,40.0,98.71,38.67142857142857,6.5651388118639575,2.09,1
2024-09-19,48.79,28800.0,2.24,9,37.75,35.76,2.33,39.63,83.91,40.36571428571428,3.5589364382387245,2.03,3
2024-09-20,37.65,17600.0,2.2,9,48.79,44.75,2.24,37.75,90.5,42.22714285714286,4.112941827473996,2.13,4
2024-09-23,42.6,10400.0,2.4,9,37.65,45.52,2.2,48.79,56.07,41.212857142857146,4.259924546614864,2.13,0
2024-09-24,50.53,18400.0,2.61,9,42.6,39.15,2.4,37.65,34.86,40.79571428571428,3.895218680821823,2.13,1
2024-09-25,49.56,19200.0,2.62,9,50.53,40.0,2.61,42.6,38.09,42.42142857142857,5.237424394271379,2.25,2
2024-09-26,37.01,24000.0,2.64,9,49.56,39.63,2.62,50.53,34.38,43.787142857142854,5.724557375278171,2.23,3
2024-09-27,44.76,14400.0,2.53,9,37.01,37.75,2.64,49.56,35.7,43.41285714285714,6.114062245582043,2.33,4
2024-09-30,56.13,9600.0,2.65,9,44.76,48.79,2.53,37.01,41.16,44.41428571428571,5.582970706062896,2.24,0
2024-10-01,44.93,21600.0,2.67,10,56.13,37.65,2.65,44.76,38.47,45.462857142857146,7.040737921282466,2.2,1
2024-10-03,48.3,6400.0,2.75,10,44.93,42.6,2.67,56.13,40.81,46.50285714285714,6.179319580357119,2.4,3
2024-10-04,51.83,12800.0,2.49,10,48.3,50.53,2.75,44.93,34.83,47.317142857142855,5.950629418488841,2.61,4
2024-10-07,43.32,4800.0,2.51,10,51.83,49.56,2.49,48.3,26.02,47.50285714285714,6.08635006739273,2.62,0
2024-10-08,40.22,12000.0,2.51,10,43.32,37.01,2.51,51.83,23.0,46.611428571428576,6.190905772640113,2.64,1
2024-10-09,36.55,18400.0,2.43,10,40.22,44.76,2.51,43.32,26.26,47.07,5.433764809043023,2.53,2
2024-10-10,35.82,7200.0,2.26,10,36.55,56.13,2.43,40.22,44.94,45.89714285714286,6.743638271945757,2.65,3
2024-10-11,39.27,4800.0,2.31,10,35.82,44.93,2.26,36.55,70.06,42.99571428571428,5.92690716743759,2.67,4
2024-10-15,48.55,17600.0,2.37,10,39.27,48.3,2.31,35.82,98.3,42.18714285714285,6.004614098856395,2.75,1
2024-10-17,39.96,17600.0,2.19,10,48.55,51.83,2.37,39.27,48.6,42.222857142857144,6.047621334832261,2.49,3
2024-10-18,42.0,1600.0,1.82,10,39.96,43.32,2.19,48.55,36.51,40.527142857142856,4.323145900404593,2.51,4
2024-10-21,47.57,20800.0,1.76,10,42.0,40.22,1.82,39.96,24.78,40.33857142857143,4.208283215165323,2.51,0
2024-10-22,40.56,4800.0,1.76,10,47.57,36.55,1.76,42.0,24.81,41.38857142857143,5.013646140190008,2.43,1
2024-10-23,38.26,4000.0,1.9,10,40.56,35.82,1.76,47.57,30.29,41.96142857142858,4.578891527328655,2.26,2
2024-10-24,38.31,3200.0,2.04,10,38.26,39.27,1.9,40.56,25.89,42.31,4.101430644705314,2.31,3
2024-10-25,41.51,4000.0,1.93,10,38.31,48.55,2.04,38.26,35.76,42.17285714285715,4.233933215839025,2.37,4
2024-10-28,32.86,4000.0,2.03,10,41.51,39.96,1.93,38.31,44.75,41.167142857142856,3.1688153111510022,2.19,0
2024-10-29,35.38,12800.0,1.82,10,32.86,42.0,2.03,41.51,45.52,40.152857142857144,4.483271552060881,1.82,1
2024-11-01,34.61,9600.0,1.42,11,35.38,47.57,1.82,32.86,39.15,39.207142857142856,4.720627480485873,1.76,4
2024-11-04,30.31,12000.0,1.35,11,34.61,40.56,1.42,35.38,40.0,37.355714285714285,3.1861097341569837,1.76,0
2024-11-05,38.76,36800.0,1.62,11,30.31,38.26,1.35,34.61,39.63,35.89142857142857,3.769913476333682,1.9,1
2024-11-06,41.79,20000.0,1.8,11,38.76,38.31,1.62,30.31,37.75,35.962857142857146,3.82658121689825,2.04,2
2024-11-07,31.83,6400.0,1.49,11,41.79,41.51,1.8,38.76,48.79,36.46,4.369835999973149,1.93,3
2024-11-08,29.33,10400.0,1.21,11,31.83,32.86,1.49,41.79,37.65,35.07714285714285,4.023289343665437,2.03,4
2024-11-11,34.76,13600.0,1.21,11,29.33,35.38,1.21,31.83,42.6,34.57285714285714,4.536058179688457,1.82,0
2024-11-12,44.25,16000.0,1.92,11,34.76,34.61,1.21,29.33,50.53,34.48428571428571,4.523707392330246,1.42,1
2024-11-14,37.43,7200.0,2.11,11,44.25,30.31,1.92,34.76,49.56,35.86142857142857,5.843248036755098,1.35,3
2024-11-15,31.23,9600.0,1.65,11,37.43,38.76,2.11,44.25,37.01,36.878571428571426,5.31132886250785,1.62,4
2024-11-18,29.28,6400.0,2.08,11,31.23,41.79,1.65,37.43,44.76,35.80285714285714,5.62031646287394,1.8,0
2024-11-19,30.42,4800.0,2.1,11,29.28,31.83,2.08,31.23,56.13,34.01571428571429,5.383189442275215,1.49,1
2024-11-20,39.05,13600.0,2.32,11,30.42,29.33,2.1,29.28,44.93,33.81428571428571,5.503637758012727,1.21,2
2024-11-21,47.97,18400.0,2.84,11,39.05,34.76,2.32,30.42,48.3,35.20285714285715,5.40905325753517,1.21,3
2024-11-22,30.05,11200.0,2.41,11,47.97,44.25,2.84,39.05,51.83,37.089999999999996,7.227514556655091,1.92,4
2024-11-25,33.87,10400.0,2.78,11,30.05,37.43,2.41,47.97,43.32,35.06142857142857,6.866732431492361,2.11,0
2024-11-26,40.86,4800.0,3.19,11,33.87,31.23,2.78,30.05,40.22,34.55285714285714,6.793513362724662,1.65,1
2024-11-29,61.5,4000.0,3.39,11,40.86,29.28,3.19,33.87,36.55,35.92857142857143,6.980944130443646,2.08,4
2024-12-02,59.88,53600.0,3.05,12,61.5,30.42,3.39,40.86,35.82,40.53142857142857,11.20856730150537,2.1,0
2024-12-03,45.27,24800.0,2.94,12,59.88,39.05,3.05,61.5,39.27,44.74,12.26059813657804,2.32,1
2024-12-04,55.45,41600.0,2.75,12,45.27,47.97,2.94,59.88,48.55,45.628571428571426,12.002162900315446,2.84,2
2024-12-05,59.09,21600.0,2.95,12,55.45,30.05,2.75,45.27,39.96,46.69714285714286,12.56514188046377,2.41,3
2024-12-06,35.42,7200.0,2.83,12,59.09,33.87,2.95,55.45,42.0,50.84571428571429,10.82649351843688,2.78,4
2024-12-09,33.23,20000.0,3.05,12,35.42,40.86,2.83,59.09,47.57,51.06714285714286,10.43002351273401,3.19,0
2024-12-10,39.05,28000.0,2.9,12,33.23,61.5,3.05,35.42,40.56,49.97714285714285,11.96086356175218,3.39,1
2024-12-12,50.43,16000.0,3.12,12,39.05,59.88,2.9,33.23,38.26,46.769999999999996,11.350472824218711,3.05,3
2024-12-13,34.87,12000.0,3.15,12,50.43,45.27,3.12,39.05,38.31,45.42,10.014700860900817,2.94,4
2024-12-16,32.07,9600.0,2.87,12,34.87,55.45,3.15,50.43,41.51,43.934285714285714,10.782655605404276,2.75,0
2024-12-17,34.58,6400.0,2.85,12,32.07,59.09,2.87,34.87,32.86,40.59428571428571,10.227857151170838,2.95,1
2024-12-18,35.51,6400.0,3.01,12,34.58,35.42,2.85,32.07,35.38,37.09285714285714,6.270493638955805,2.83,2
2024-12-19,37.81,7200.0,3.15,12,35.51,33.23,3.01,34.58,34.61,37.10571428571428,6.266582952834554,3.05,3
2024-12-20,73.51,34400.0,3.1,12,37.81,39.05,3.15,35.51,30.31,37.76,6.029076767355128,2.9,4
2024-12-23,36.28,32000.0,2.89,12,73.51,50.43,3.1,37.81,38.76,42.68285714285714,14.859650864321083,3.12,0
2024-12-24,34.5,800.0,2.95,12,36.28,34.87,2.89,73.51,41.79,40.66142857142857,14.590125003544083,3.15,1
2024-12-26,32.0,800.0,2.96,12,34.5,32.07,2.95,36.28,31.83,40.60857142857143,14.615251655458264,2.87,3
2024-12-27,30.4,13600.0,2.91,12,32.0,34.58,2.96,34.5,29.33,40.598571428571425,14.622089942470907,2.85,4
2024-12-30,27.09,16800.0,3.39,12,30.4,35.51,2.91,32.0,34.76,40.00142857142857,14.989577966675455,3.01,0
2024-12-31,38.69,6400.0,3.4,12,27.09,37.81,3.39,30.4,44.25,38.79857142857143,15.729635965877987,3.15,1
2025-01-02,40.5,8000.0,3.65,1,38.69,73.51,3.4,27.09,37.43,38.92428571428571,15.723933834702114,3.1,3
2025-01-03,58.59,30400.0,3.4,1,40.5,36.28,3.65,38.69,31.23,34.208571428571425,4.727544918070672,2.89,4
2025-01-06,76.24,80000.0,4.05,1,58.59,34.5,3.4,40.5,29.28,37.395714285714284,10.433568991709246,2.95,0
2025-01-07,82.1,48000.0,3.8,1,76.24,32.0,4.05,58.59,30.42,43.35857142857143,17.81740668426175,2.96,1
2025-01-10,49.57,40800.0,4.13,1,82.1,30.4,3.8,76.24,39.05,50.51571428571429,22.053224146099115,2.91,4
2025-01-13,61.39,43200.0,4.4,1,49.57,27.09,4.13,82.1,47.97,53.25428571428572,20.2559545625006,3.39,0
2025-01-14,64.53,38400.0,4.32,1,61.39,38.69,4.4,49.57,30.05,58.15428571428571,16.710137499077877,3.4,1
2025-01-15,56.08,40800.0,4.45,1,64.53,40.5,4.32,61.39,33.87,61.84571428571428,14.386202715498689,3.65,2
2025-01-16,44.72,55200.0,4.3,1,56.08,58.59,4.45,64.53,40.86,64.07142857142857,11.436085327551593,3.4,3
2025-01-17,163.2,65600.0,9.86,1,44.72,76.24,4.3,56.08,61.5,62.089999999999996,13.550237390294187,4.05,4
2025-01-21,196.69,48800.0,4.4,1,163.2,82.1,9.86,44.72,59.88,74.51285714285713,40.91530182962746,3.8,1
2025-01-24,44.69,30400.0,3.84,1,196.69,49.57,4.4,163.2,45.27,90.88285714285713,61.965343462908216,4.13,4
2025-01-27,37.22,6400.0,3.71,1,44.69,61.39,3.84,196.69,55.45,90.18571428571428,62.53245633459546,4.4,0
2025-01-28,34.11,24800.0,3.4,1,37.22,64.53,3.71,44.69,59.09,86.73285714285714,65.00585453487645,4.32,1
2025-01-29,38.42,7200.0,3.38,1,34.11,56.08,3.4,37.22,35.42,82.38714285714285,67.69855776757372,4.45,2
2025-01-30,33.92,15200.0,3.12,1,38.42,44.72,3.38,34.11,33.23,79.86428571428571,69.15569218730121,4.3,3
2025-01-31,36.0,4000.0,2.93,1,33.92,163.2,3.12,38.42,39.05,78.32142857142857,70.18327470002407,9.86,4
2025-02-03,39.48,24000.0,3.3,2,36.0,196.69,2.93,33.92,50.43,60.15,60.31787739413022,4.4,0
2025-02-04,47.56,45600.0,3.25,2,39.48,44.69,3.3,36.0,34.87,37.69142857142857,3.715806007544982,3.84,1
2025-02-06,38.96,40800.0,3.31,2,47.56,37.22,3.25,39.48,32.07,38.10142857142857,4.656094316667928,3.71,3
2025-02-07,51.09,12800.0,3.32,2,38.96,34.11,3.31,47.56,34.58,38.35,4.647633806572231,3.4,4
2025-02-10,57.8,12000.0,3.48,2,51.09,38.42,3.32,38.96,35.51,40.77571428571429,6.228220337417549,3.38,0
2025-02-11,60.93,24000.0,3.65,2,57.8,33.92,3.48,51.09,37.81,43.544285714285714,8.787930846986763,3.12,1
2025-02-12,45.63,12000.0,3.97,2,60.93,36.0,3.65,57.8,73.51,47.402857142857144,9.736379741782017,2.93,2
2025-02-13,50.33,37600.0,4.43,2,45.63,39.48,3.97,60.93,36.28,48.778571428571425,8.452339771864377,3.3,3
2025-02-14,65.82,36000.0,4.6,2,50.33,47.56,4.43,45.63,34.5,50.32857142857143,7.391191668851984,3.25,4
2025-02-18,96.23,24800.0,6.4,2,65.82,38.96,4.6,50.33,32.0,52.93714285714286,9.241799453723809,3.31,1
2025-02-20,72.18,17600.0,5.62,2,96.23,51.09,6.4,65.82,30.4,61.11857142857143,16.94513541656444,3.32,3
2025-02-21,46.91,9600.0,4.43,2,72.18,57.8,5.62,96.23,27.09,64.13142857142857,16.738515892566653,3.48,4
2025-02-24,38.18,21600.0,3.86,2,46.91,60.93,4.43,72.18,38.69,62.575714285714284,17.891414940451767,3.65,0
2025-02-25,35.45,4800.0,3.88,2,38.18,45.63,3.86,46.91,40.5,59.325714285714284,20.16234680218106,3.97,1
2025-02-26,36.39,7200.0,3.9,2,35.45,50.33,3.88,38.18,58.59,57.871428571428574,21.628661099392474,4.43,2
2025-02-27,37.16,16000.0,3.91,2,36.39,65.82,3.9,35.45,76.24,55.88,23.03479976036241,4.6,3
2025-02-28,54.14,7200.0,3.91,2,37.16,96.23,3.91,36.39,82.1,51.785714285714285,23.515613860541418,6.4,4
2025-03-03,40.27,20000.0,3.8,3,54.14,72.18,3.91,37.16,49.57,45.77285714285715,13.509697398887827,5.62,0
2025-03-04,44.53,19200.0,4.39,3,40.27,46.91,3.8,54.14,61.39,41.214285714285715,6.862358334039017,4.43,1
2025-03-06,54.36,16000.0,4.39,3,44.53,38.18,4.39,40.27,64.53,40.87428571428571,6.58654400309865,3.86,3
2025-03-07,49.67,7200.0,4.39,3,54.36,35.45,4.39,44.53,56.08,43.18571428571429,8.139428434361221,3.88,4
2025-03-10,41.52,9600.0,4.23,3,49.67,36.39,4.39,54.36,44.72,45.21714285714285,7.646562875535414,3.9,0
2025-03-11,43.72,13600.0,4.57,3,41.52,37.16,4.23,49.67,163.2,45.95,6.865498282474421,3.91,1
2025-03-12,48.36,14400.0,4.18,3,43.72,54.14,4.57,41.52,196.69,46.887142857142855,5.836259402178446,3.91,2
2025-03-13,47.62,34400.0,3.89,3,48.36,40.27,4.18,43.72,44.69,46.06142857142857,4.986051973827272,3.8,3
2025-03-14,46.54,16800.0,3.89,3,47.62,44.53,3.89,48.36,37.22,47.11142857142857,4.28826471730778,4.39,4
2025-03-17,48.85,19200.0,4.15,3,46.54,54.36,3.89,47.62,34.11,47.39857142857143,4.1517242545365125,4.39,0
2025-03-18,46.76,19200.0,4.17,3,48.85,49.67,4.15,46.54,38.42,46.61142857142857,2.964481003319156,4.39,1
2025-03-20,49.34,10400.0,4.23,3,46.76,41.52,4.17,48.85,33.92,46.19571428571429,2.651614961632714,4.23,3
2025-03-21,49.0,1600.0,3.93,3,49.34,43.72,4.23,46.76,36.0,47.31285714285714,1.8918484284379056,4.57,4
2025-03-24,56.63,10400.0,4.03,3,49.0,48.36,3.93,49.34,39.48,48.06714285714286,1.1127850089675568,4.18,0
2025-03-25,55.7,9600.0,3.94,3,56.63,47.62,4.03,49.0,47.56,49.24857142857143,3.4374429865390725,3.89,1
2025-03-26,49.58,17600.0,3.85,3,55.7,46.54,3.94,56.63,38.96,50.402857142857144,4.093452960869274,3.89,2
2025-03-27,39.13,12800.0,3.88,3,49.58,48.85,3.85,55.7,51.09,50.83714285714286,3.763273018200521,4.15,3
2025-03-28,49.21,13600.0,3.89,3,39.13,46.76,3.88,49.58,57.8,49.448571428571434,5.839304834684804,4.17,4
2025-03-31,44.6,32000.0,4.11,3,49.21,49.34,3.89,39.13,60.93,49.798571428571435,5.723575306196873,4.23,0
2025-04-01,43.88,6400.0,3.96,4,44.6,49.0,4.11,49.21,45.63,49.121428571428574,6.057517171721983,3.93,1
2025-04-03,46.23,21600.0,4.21,4,43.88,56.63,3.96,44.6,50.33,48.39,6.37539541257318,4.03,3
2025-04-04,56.93,8800.0,4.04,4,46.23,55.7,4.21,43.88,65.82,46.90428571428571,5.2470717457220415,3.94,4
2025-04-07,72.1,26400.0,3.97,4,56.93,49.58,4.04,46.23,96.23,47.08,5.599476165975345,3.85,0
2025-04-08,70.16,22400.0,3.85,4,72.1,39.13,3.97,56.93,72.18,50.297142857142866,11.071172347265186,3.88,1
2025-04-09,51.39,13600.0,3.42,4,70.16,49.21,3.85,72.1,46.91,54.73,12.025678082059446,3.89,2
2025-04-10,55.21,24800.0,3.7,4,51.39,44.6,3.42,70.16,38.18,55.04142857142857,11.886321870916975,4.11,3
2025-04-11,52.31,14400.0,3.44,4,55.21,43.88,3.7,51.39,35.45,56.55714285714286,10.974448679068814,3.96,4
2025-04-14,54.3,24800.0,3.57,4,52.31,46.23,3.44,55.21,36.39,57.76142857142857,9.745146533140085,4.21,0
2025-04-15,50.69,30400.0,3.27,4,54.3,56.93,3.57,52.31,37.16,58.91428571428572,8.55873210458689,4.04,1
2025-04-17,32.76,4800.0,2.94,4,50.69,72.1,3.27,54.3,54.14,58.02285714285715,9.107234696081738,3.97,3
2025-04-21,52.14,24000.0,3.16,4,32.76,70.16,2.94,50.69,40.27,52.402857142857144,10.928598132553377,3.85,0
2025-04-22,42.59,12000.0,3.12,4,52.14,51.39,3.16,32.76,44.53,49.82857142857143,7.691660914200521,3.42,1
2025-04-23,48.16,6400.0,3.12,4,42.59,55.21,3.12,52.14,54.36,48.57142857142857,8.10211788890453,3.7,2
2025-04-24,49.25,12000.0,2.87,4,48.16,52.31,3.12,42.59,49.67,47.56428571428571,7.559366942503931,3.44,3
2025-04-25,46.48,20800.0,2.71,4,49.25,54.3,2.87,48.16,41.52,47.12714285714286,7.324005539515236,3.57,4
2025-04-28,48.9,20800.0,2.96,4,46.48,50.69,2.71,49.25,43.72,46.01,6.6090745696095405,3.27,0
2025-04-29,49.08,28000.0,3.17,4,48.9,32.76,2.96,46.48,48.36,45.75428571428571,6.43002295781968,2.94,1
2025-05-01,55.1,16800.0,3.08,5,49.08,52.14,3.17,48.9,47.62,48.08571428571428,2.9504567846500978,3.16,3
2025-05-02,46.82,12800.0,3.1,5,55.1,42.59,3.08,49.08,46.54,48.50857142857143,3.735917685438674,3.12,4
2025-05-05,45.58,37600.0,3.26,5,46.82,48.16,3.1,55.1,48.85,49.112857142857145,2.8579754739178993,3.12,0
2025-05-06,43.89,13600.0,3.08,5,45.58,49.25,3.26,46.82,46.76,48.74428571428571,3.152522044028831,2.87,1
2025-05-07,40.41,11200.0,3.18,5,43.89,46.48,3.08,45.58,49.34,47.978571428571435,3.6247870216570703,2.71,2
2025-05-08,32.78,16000.0,3.23,5,40.41,48.9,3.18,43.89,49.0,47.11142857142857,4.629767555616623,2.96,3
2025-05-09,43.42,7200.0,3.22,5,32.78,49.08,3.23,40.41,56.63,44.808571428571426,6.996157108420827,3.17,4
2025-05-12,46.24,8800.0,3.19,5,43.42,55.1,3.22,32.78,55.7,44.0,6.7426972842223725,3.08,0
2025-05-13,47.01,15200.0,3.27,5,46.24,46.82,3.19,43.42,49.58,42.73428571428571,4.888373475716485,3.1,1
2025-05-15,71.3,37600.0,3.2,5,47.01,45.58,3.27,46.24,39.13,42.76142857142857,4.915293916512777,3.26,3
2025-05-16,38.94,9600.0,3.01,5,71.3,43.89,3.2,47.01,49.21,46.43571428571429,11.951037412630253,3.08,4
2025-05-19,34.53,18400.0,2.96,5,38.94,40.41,3.01,71.3,44.6,45.72857142857142,12.268988587180846,3.18,0
2025-05-20,39.22,27200.0,3.15,5,34.53,32.78,2.96,38.94,43.88,44.88857142857143,12.879894446476413,3.23,1
2025-05-21,35.87,21600.0,3.2,5,39.22,43.42,3.15,34.53,46.23,45.80857142857143,12.075736593918698,3.22,2
2025-05-22,32.55,16000.0,3.0,5,35.87,46.24,3.2,39.22,56.93,44.730000000000004,12.648235713594987,3.19,3
2025-05-23,34.88,1600.0,2.93,5,32.55,47.01,3.0,35.87,72.1,42.77428571428572,13.411225220118972,3.27,4
2025-05-27,39.23,1600.0,3.2,5,34.88,71.3,2.93,32.55,70.16,41.041428571428575,13.55559346859103,3.2,1
2025-05-29,36.68,6400.0,2.97,5,39.23,38.94,3.2,34.88,51.39,36.46,2.6863357943477797,3.01,3
2025-05-30,33.3,22400.0,2.86,5,36.68,34.53,2.97,39.23,55.21,36.137142857142855,2.4653175203581057,2.96,4
2025-06-02,30.58,35200.0,3.0,6,33.3,39.22,2.86,36.68,52.31,35.96142857142857,2.6368252917176385,3.15,0
2025-06-03,46.08,24800.0,2.84,6,30.58,35.87,3.0,33.3,54.3,34.72714285714285,2.8692142611148532,3.2,1
2025-06-04,49.81,38400.0,2.8,6,46.08,32.55,2.84,30.58,50.69,36.18571428571428,5.19749252730802,3.0,2
2025-06-05,46.1,13600.0,2.86,6,49.81,34.88,2.8,46.08,32.76,38.651428571428575,6.975290743214557,2.93,3
2025-06-06,36.83,12800.0,2.68,6,46.1,39.23,2.86,49.81,52.14,40.25428571428572,7.248006294015528,3.2,4
2025-06-09,39.55,9600.0,3.13,6,36.83,36.68,2.68,46.1,42.59,39.91142857142857,7.360426682766052,2.97,0
2025-06-10,46.43,49600.0,2.79,6,39.55,33.3,3.13,36.83,48.16,40.32142857142857,7.229189508677608,2.86,1
2025-06-12,45.89,24000.0,2.9,6,46.43,30.58,2.79,39.55,49.25,42.19714285714286,6.794030993662764,3.0,3
2025-06-13,37.43,25600.0,2.65,6,45.89,46.08,2.9,46.43,46.48,44.38428571428572,4.511968739337031,2.84,4
2025-06-16,48.95,20000.0,2.9,6,37.43,49.81,2.65,45.89,48.9,43.14857142857143,5.114438478696745,2.8,0
2025-06-17,54.94,12800.0,2.9,6,48.95,46.1,2.9,37.43,49.08,43.02571428571429,4.934929439355898,2.86,1
2025-06-18,54.2,26400.0,3.43,6,54.94,36.83,2.9,48.95,55.1,44.28857142857142,6.676532105245481,2.68,2
2025-06-20,203.65,39200.0,3.09,6,54.2,39.55,3.43,54.94,46.82,46.77,6.670334824179287,3.13,4
2025-06-23,216.31,43200.0,3.5,6,203.65,46.43,3.09,54.2,45.58,70.21285714285715,59.13148250982307,2.79,0
2025-06-24,188.9,53600.0,3.3,6,216.31,45.89,3.5,203.65,43.89,94.48142857142857,79.19932584489402,2.9,1
2025-06-26,49.24,32000.0,3.23,6,188.9,37.43,3.3,216.31,40.41,114.91142857142857,82.93294950914078,2.65,3
2025-06-27,68.79,18400.0,3.23,6,49.24,48.95,3.23,188.9,32.78,116.59857142857142,81.19594025741493,2.9,4
2025-06-30,53.57,27200.0,3.26,6,68.79,54.94,3.23,49.24,43.42,119.43285714285715,78.75043104946265,2.9,0
2025-07-01,49.23,27200.0,3.14,7,53.57,54.2,3.26,68.79,46.24,119.23714285714286,78.9389020517947,3.43,1
2025-07-02,56.56,34400.0,3.1,7,49.23,203.65,3.14,53.57,47.01,118.52714285714286,79.64059155863612,3.09,2
2025-07-03,82.0,4000.0,3.24,7,56.56,216.31,3.1,49.23,71.3,97.5142857142857,72.52469438224526,3.5,3
2025-07-07,78.98,18400.0,3.24,7,82.0,188.9,3.24,56.56,38.94,78.32714285714285,50.183386930432555,3.3,0
2025-07-08,74.46,36000.0,3.2,7,78.98,49.24,3.24,82.0,34.53,62.62428571428571,13.893915763314613,3.23,1
2025-07-10,65.65,32000.0,3.11,7,74.46,68.79,3.2,78.98,39.22,66.22714285714287,13.091513427007225,3.23,3
2025-07-11,67.63,29600.0,3.22,7,65.65,53.57,3.11,74.46,35.87,65.77857142857142,13.04276738090378,3.26,4
2025-07-14,79.14,48800.0,3.21,7,67.63,49.23,3.22,65.65,32.55,67.78714285714285,11.880100608840689,3.14,0
2025-07-15,87.68,43200.0,3.31,7,79.14,56.56,3.21,67.63,34.88,72.05999999999999,9.160962467629652,3.1,1
2025-07-16,113.6,48000.0,3.42,7,87.68,82.0,3.31,79.14,39.23,76.50571428571428,7.841377126377771,3.24,2
2025-07-17,63.1,20000.0,3.52,7,113.6,78.98,3.42,87.68,36.68,81.02,16.186777525704464,3.24,3
2025-07-18,57.44,28800.0,3.5,7,63.1,74.46,3.52,113.6,33.3,78.75142857142858,17.573704246753607,3.2,4
2025-07-21,48.16,28800.0,3.5,7,57.44,65.65,3.5,63.1,30.58,76.32000000000001,19.353674069798355,3.11,0
2025-07-22,56.98,35200.0,3.16,7,48.16,67.63,3.5,57.44,46.08,73.82142857142857,21.91964448356086,3.22,1
2025-07-24,132.83,17600.0,3.13,7,56.98,79.14,3.16,48.16,49.81,72.3,22.773967594602084,3.21,3
2025-07-25,142.66,6400.0,3.1,7,132.83,87.68,3.13,56.98,46.1,79.97,32.44794446494238,3.31,4
2025-07-28,208.09,22400.0,3.12,7,142.66,113.6,3.1,132.83,36.83,87.82428571428571,40.32364478282453,3.42,0
2025-07-29,190.96,64000.0,3.08,7,208.09,63.1,3.12,142.66,39.55,101.32285714285715,60.937061168138925,3.52,1
2025-07-30,61.13,47200.0,2.98,7,190.96,57.44,3.08,208.09,46.43,119.58857142857143,66.48098586026202,3.5,2
2025-07-31,39.65,33600.0,2.99,7,61.13,48.16,2.98,190.96,45.89,120.11571428571429,65.91831229057729,3.5,3
2025-08-01,45.79,15200.0,3.0,8,39.65,56.98,2.99,61.13,37.43,118.89999999999999,67.52543224593218,3.16,4
2025-08-04,44.04,31200.0,2.89,8,45.79,132.83,3.0,39.65,48.95,117.30142857142857,69.34359101089079,3.13,0
2025-08-05,44.92,20800.0,2.98,8,44.04,142.66,2.89,45.79,54.94,104.61714285714287,73.99444161878763,3.1,1
2025-08-07,45.34,9600.0,3.05,8,44.92,208.09,2.98,44.04,54.2,90.65428571428572,74.83629307965985,3.12,3
2025-08-08,65.96,43200.0,3.03,8,45.34,190.96,3.05,44.92,203.65,67.40428571428572,54.89554409881324,3.08,4
2025-08-11,71.99,53600.0,3.05,8,65.96,61.13,3.03,45.34,216.31,49.54714285714285,9.874657317742594,2.98,0
2025-08-12,64.98,45600.0,2.93,8,71.99,39.65,3.05,65.96,188.9,51.09857142857142,12.501492482328027,2.99,1
2025-08-13,65.82,28000.0,2.95,8,64.98,45.79,2.93,71.99,49.24,54.71714285714285,12.299659499738727,3.0,2
2025-08-14,66.06,22400.0,2.78,8,65.82,44.04,2.95,64.98,68.79,57.57857142857142,12.20624761965649,2.89,3
2025-08-15,75.15,24800.0,2.98,8,66.06,44.92,2.78,65.82,53.57,60.72428571428571,10.903577176233654,2.98,4
2025-08-18,42.89,24000.0,2.96,8,75.15,45.34,2.98,66.06,49.23,65.04285714285714,9.496519913956796,3.05,0
2025-08-19,44.74,23200.0,2.87,8,42.89,65.96,2.96,75.15,56.56,64.69285714285715,10.350461687424612,3.03,1
2025-08-21,34.72,21600.0,2.88,8,44.74,71.99,2.87,42.89,82.0,61.66142857142857,12.747393757903447,3.05,3
2025-08-22,35.86,16000.0,2.76,8,34.72,64.98,2.88,44.74,78.98,56.33714285714285,15.251783190046321,2.93,4
2025-08-25,27.42,20800.0,2.76,8,35.86,65.82,2.76,34.72,74.46,52.17714285714286,16.427500027175373,2.95,0
2025-08-26,26.94,17600.0,2.82,8,27.42,66.06,2.76,35.86,65.65,46.691428571428574,17.489585880909384,2.78,1
2025-08-27,27.32,23200.0,2.88,8,26.94,75.15,2.82,27.42,67.63,41.10285714285715,16.490735494296445,2.98,2
2025-08-28,28.57,40000.0,2.9,8,27.32,42.89,2.88,26.94,79.14,34.269999999999996,7.478968288919208,2.96,3
2025-08-29,33.25,2400.0,2.88,8,28.57,44.74,2.9,27.32,87.68,32.22428571428571,6.639537777944686,2.87,4
2025-09-02,33.46,17600.0,2.7,9,33.25,34.72,2.88,28.57,113.6,30.58285714285714,3.87405349423359,2.88,1
2025-09-04,40.56,26400.0,3.11,9,33.46,35.86,2.7,33.25,63.1,30.40285714285714,3.673893095366756,2.76,3
2025-09-05,30.5,13600.0,3.05,9,40.56,27.42,3.11,33.46,57.44,31.074285714285715,5.020231924067007,2.76,4
2025-09-08,33.38,11200.0,3.1,9,30.5,26.94,3.05,40.56,48.16,31.514285714285712,4.775583235384776,2.82,0
2025-09-09,36.72,32000.0,3.12,9,33.38,27.32,3.1,30.5,56.98,32.434285714285714,4.348738733405505,2.88,1
2025-09-10,44.92,13600.0,2.89,9,36.72,28.57,3.12,33.38,132.83,33.777142857142856,3.938225972378471,2.9,2
2025-09-11,42.7,24000.0,2.81,9,44.92,33.25,2.89,36.72,142.66,36.112857142857145,5.031860869451381,2.88,3
2025-09-12,58.36,15200.0,2.86,9,42.7,33.46,2.81,44.92,208.09,37.462857142857146,5.390651519947826,2.7,4
2025-09-15,45.8,41600.0,3.0,9,58.36,40.56,2.86,42.7,190.96,41.019999999999996,9.187397164956902,3.11,0
2025-09-16,44.96,24000.0,3.07,9,45.8,30.5,3.0,58.36,61.13,41.76857142857143,9.355603362996188,3.05,1
2025-09-18,61.93,32000.0,3.1,9,44.96,33.38,3.07,45.8,39.65,43.83428571428572,7.942482519428015,3.1,3
2025-09-19,52.08,19200.0,2.89,9,61.93,36.72,3.1,44.96,45.79,47.91285714285714,8.946300379273039,3.12,4
2025-09-22,74.56,27200.0,2.9,9,52.08,44.92,2.89,61.93,44.04,50.107142857142854,7.512196115396655,2.89,0
2025-09-23,63.17,37600.0,2.86,9,74.56,42.7,2.9,52.08,44.92,54.34142857142858,11.431900437767869,2.81,1
2025-09-24,68.23,28800.0,2.88,9,63.17,58.36,2.86,74.56,45.34,57.26571428571429,10.541116097046734,2.86,2
2025-09-25,70.5,37600.0,2.98,9,68.23,45.8,2.88,63.17,65.96,58.67571428571428,11.341606084299418,3.0,3
2025-09-26,83.3,16000.0,2.9,9,70.5,44.96,2.98,68.23,71.99,62.20428571428572,10.477485158094177,3.07,4
2025-09-29,68.05,27200.0,2.93,9,83.3,61.93,2.9,70.5,64.98,67.68142857142857,9.969422297824925,3.1,0
2025-09-30,48.84,65600.0,3.12,9,68.05,52.08,2.93,83.3,65.82,68.55571428571429,9.644018624934473,2.89,1
2025-10-02,55.05,26400.0,3.32,10,48.84,74.56,3.12,68.05,66.06,68.09285714285714,10.597194147957826,2.9,3
2025-10-03,96.88,12800.0,3.19,10,55.05,63.17,3.32,48.84,75.15,65.30571428571429,11.163319185532735,2.86,4
2025-10-06,78.79,32800.0,3.32,10,96.88,68.23,3.19,55.05,42.89,70.12142857142858,16.21601413065806,2.88,0
2025-10-07,54.57,23200.0,3.32,10,78.79,70.5,3.32,96.88,44.74,71.63000000000001,16.499448475630555,2.98,1
2025-10-08,51.9,46400.0,3.35,10,54.57,83.3,3.32,78.79,34.72,69.35428571428572,17.733703182680607,2.9,2
2025-10-09,45.48,18400.0,3.25,10,51.9,68.05,3.35,54.57,35.86,64.86857142857143,17.588931584542095,2.93,3
2025-10-10,57.65,18400.0,2.9,10,45.48,48.84,3.25,51.9,27.42,61.644285714285715,18.926375649819587,3.12,4
2025-10-13,61.28,16000.0,2.9,10,57.65,55.05,2.9,45.48,26.94,62.902857142857144,18.21246250445499,3.32,0
2025-10-14,52.56,19200.0,2.83,10,61.28,96.88,2.9,57.65,27.32,63.792857142857144,17.91453945290004,3.19,1
2025-10-16,43.56,8800.0,2.82,10,52.56,78.79,2.83,61.28,28.57,57.46142857142858,10.617544330919305,3.32,3
2025-10-17,49.63,4800.0,2.65,10,43.56,54.57,2.82,52.56,33.25,52.42857142857143,6.290570797023949,3.32,4
2025-10-20,51.58,22400.0,2.99,10,49.63,51.9,2.65,43.56,33.46,51.722857142857144,6.287391388817792,3.35,0
2025-10-21,52.83,12800.0,3.28,10,51.58,45.48,2.99,49.63,40.56,51.67714285714286,6.287052076252707,3.25,1
2025-10-22,58.78,16000.0,3.45,10,52.83,57.65,3.28,51.58,30.5,52.72714285714285,5.662289626071184,2.9,2
2025-10-23,66.0,28000.0,3.34,10,58.78,61.28,3.45,52.83,33.38,52.88857142857143,5.839367627209629,2.9,3
2025-10-24,62.43,8800.0,3.21,10,66.0,52.56,3.34,58.78,36.72,53.56285714285714,7.105164117938909,2.83,4
2025-10-27,64.83,27200.0,3.3,10,62.43,43.56,3.21,66.0,44.92,54.972857142857144,7.816690933051302,2.82,0
2025-10-28,60.75,19200.0,3.44,10,64.83,49.63,3.3,62.43,42.7,58.01142857142857,6.694319553599401,2.65,1
2025-10-30,56.07,38400.0,3.46,10,60.75,51.58,3.44,64.83,58.36,59.6,5.604611196742866,2.99,3
2025-10-31,59.86,25600.0,3.57,10,56.07,52.83,3.46,60.75,45.8,60.24142857142857,4.721060716163588,3.28,4
2025-11-03,54.53,15200.0,3.37,11,59.86,58.78,3.57,56.07,44.96,61.24571428571429,3.4613718722616174,3.45,0
2025-11-04,46.37,25600.0,3.35,11,54.53,66.0,3.37,59.86,61.93,60.638571428571424,4.249064322769937,3.34,1
2025-11-05,52.88,12000.0,3.51,11,46.37,62.43,3.35,54.53,52.08,57.83428571428571,6.166122112377515,3.21,2
2025-11-06,50.77,18400.0,3.71,11,52.88,64.83,3.51,46.37,74.56,56.46999999999999,6.034923363224192,3.3,3
2025-11-07,78.18,27200.0,3.76,11,50.77,60.75,3.71,52.88,63.17,54.46142857142858,5.047799614918402,3.44,4
2025-11-10,91.08,32000.0,3.8,11,78.18,56.07,3.76,50.77,68.23,56.95142857142857,10.267306411730884,3.46,0
2025-11-14,59.17,17600.0,3.49,11,91.08,59.86,3.8,78.18,70.5,61.95285714285715,16.438714177499175,3.57,4
2025-11-17,68.92,19200.0,3.71,11,59.17,54.53,3.49,91.08,83.3,61.854285714285716,16.455415377257538,3.37,0
2025-11-18,72.08,56000.0,3.7,11,68.92,46.37,3.71,59.17,68.05,63.910000000000004,16.285891644815,3.35,1
2025-11-19,71.44,35200.0,3.94,11,72.08,52.88,3.7,68.92,48.84,67.58285714285715,14.468642777037235,3.51,2
2025-11-20,63.71,40800.0,3.97,11,71.44,50.77,3.94,72.08,55.05,70.23428571428572,12.945673482084645,3.71,3
2025-11-21,51.54,26400.0,4.13,11,63.71,78.18,3.97,71.44,96.88,72.08285714285714,10.370873820923254,3.76,4
2025-11-24,46.83,31200.0,4.15,11,51.54,91.08,4.13,63.71,78.79,68.27714285714286,12.44172913262106,3.8,0
2025-11-25,38.71,23200.0,4.12,11,46.83,59.17,4.15,51.54,54.57,61.955714285714286,9.908465836752102,3.49,1
2025-12-01,80.39,41600.0,5.08,12,38.71,68.92,4.12,46.83,51.9,59.03285714285714,13.303304995733665,3.71,0
2025-12-02,74.76,68000.0,4.83,12,80.39,72.08,5.08,38.71,45.48,60.671428571428564,15.283133872094734,3.7,1
2025-12-03,75.32,31200.0,4.86,12,74.76,71.44,4.83,80.39,57.65,61.05428571428571,15.645826767482875,3.94,2
2025-12-04,92.31,49600.0,4.89,12,75.32,63.71,4.86,74.76,61.28,61.60857142857143,16.136130709860485,3.97,3
2025-12-05,104.95,28000.0,5.19,12,92.31,51.54,4.89,75.32,52.56,65.69428571428571,19.931376317373324,4.13,4
2025-12-08,125.49,37600.0,5.19,12,104.95,46.83,5.19,92.31,43.56,73.32428571428571,23.51137161541375,4.15,0
2025-12-09,80.99,38400.0,4.76,12,125.49,38.71,5.19,104.95,49.63,84.56142857142856,27.240008828052325,4.12,1
2025-12-11,88.32,23200.0,4.35,12,80.99,80.39,4.76,125.49,51.58,90.60142857142856,18.74005907903446,5.08,3
2025-12-12,170.08,16000.0,4.07,12,88.32,74.76,4.35,80.99,52.83,91.73428571428572,18.25325072157695,4.83,4
2025-12-15,99.81,62400.0,3.9,12,170.08,75.32,4.07,88.32,58.78,105.35142857142857,33.042965680343656,4.86,0
2025-12-16,62.47,24800.0,3.58,12,99.81,92.31,3.9,170.08,66.0,108.85000000000001,30.53458749243751,4.89,1
2025-12-17,54.97,12000.0,3.66,12,62.47,104.95,3.58,99.81,62.43,104.58714285714287,34.98689121860994,5.19,2
2025-12-18,51.82,35200.0,3.87,12,54.97,125.49,3.66,62.47,64.83,97.44714285714288,39.68494118860258,5.19,3
2025-12-19,63.52,34400.0,3.58,12,51.82,80.99,3.87,54.97,60.75,86.92285714285715,40.762477727392614,4.76,4
2025-12-22,46.98,28000.0,3.67,12,63.52,88.32,3.58,51.82,56.07,84.42714285714285,41.71005542803213,4.35,0
2025-12-23,34.42,8000.0,3.38,12,46.98,170.08,3.67,63.52,59.86,78.52142857142857,43.93435308448697,4.07,1
